date,cases,lag_1_days_cases,lag_7_days_cases,lag_14_days_cases,rolling_mean_14_days_cases,rolling_mean_28_days_cases
2020-01-22,1.0,,,,,
2020-01-23,1.0,1.0,,,,
2020-01-24,2.0,1.0,,,,
2020-01-25,2.0,2.0,,,,
2020-01-26,5.0,2.0,,,,
2020-01-27,5.0,5.0,,,,
2020-01-28,5.0,5.0,,,,
2020-01-29,6.0,5.0,1.0,,,
2020-01-30,6.0,6.0,1.0,,,
2020-01-31,8.0,6.0,2.0,,,
2020-02-01,8.0,8.0,2.0,,,
2020-02-02,8.0,8.0,5.0,,,
2020-02-03,11.0,8.0,5.0,,,
2020-02-04,11.0,11.0,5.0,,5.642857142857143,
2020-02-05,11.0,11.0,6.0,1.0,6.357142857142857,
2020-02-06,12.0,11.0,6.0,1.0,7.142857142857143,
2020-02-07,12.0,12.0,8.0,2.0,7.857142857142857,
2020-02-08,12.0,12.0,8.0,2.0,8.571428571428571,
2020-02-09,12.0,12.0,8.0,5.0,9.071428571428571,
2020-02-10,12.0,12.0,11.0,5.0,9.571428571428571,
2020-02-11,13.0,12.0,11.0,5.0,10.142857142857142,
2020-02-12,13.0,13.0,11.0,6.0,10.642857142857142,
2020-02-13,14.0,13.0,12.0,6.0,11.214285714285714,
2020-02-14,14.0,14.0,12.0,8.0,11.642857142857142,
2020-02-15,14.0,14.0,12.0,8.0,12.071428571428571,
2020-02-16,14.0,14.0,12.0,8.0,12.5,
2020-02-17,15.0,14.0,12.0,11.0,12.785714285714286,
2020-02-18,16.0,15.0,13.0,11.0,13.142857142857142,9.392857142857142
2020-02-19,16.0,16.0,13.0,11.0,13.5,9.928571428571429
2020-02-20,16.0,16.0,14.0,12.0,13.785714285714286,10.464285714285714
2020-02-21,16.0,16.0,14.0,12.0,14.071428571428571,10.964285714285714
2020-02-22,16.0,16.0,14.0,12.0,14.357142857142858,11.464285714285714
2020-02-23,16.0,16.0,14.0,12.0,14.642857142857142,11.857142857142858
2020-02-24,17.0,16.0,15.0,12.0,15.0,12.285714285714286
2020-02-25,18.0,17.0,16.0,13.0,15.357142857142858,12.75
2020-02-26,19.0,18.0,16.0,13.0,15.785714285714286,13.214285714285714
2020-02-27,19.0,19.0,16.0,14.0,16.142857142857142,13.678571428571429
2020-02-28,19.0,19.0,16.0,14.0,16.5,14.071428571428571
2020-02-29,26.0,19.0,16.0,14.0,17.357142857142858,14.714285714285714
2020-03-01,39.0,26.0,16.0,14.0,19.142857142857142,15.821428571428571
2020-03-02,57.0,39.0,17.0,15.0,22.142857142857142,17.464285714285715
2020-03-03,79.0,57.0,18.0,16.0,26.642857142857142,19.892857142857142
2020-03-04,113.0,79.0,19.0,16.0,33.57142857142857,23.535714285714285
2020-03-05,184.0,113.0,19.0,16.0,45.57142857142857,29.678571428571427
2020-03-06,247.0,184.0,19.0,16.0,62.07142857142857,38.07142857142857
2020-03-07,417.0,247.0,26.0,16.0,90.71428571428571,52.535714285714285
2020-03-08,538.0,417.0,39.0,16.0,128.0,71.32142857142857
2020-03-09,630.0,538.0,57.0,17.0,171.78571428571428,93.39285714285714
2020-03-10,797.0,630.0,79.0,18.0,227.42857142857142,121.39285714285714
2020-03-11,1156.0,797.0,113.0,19.0,308.64285714285717,162.21428571428572
2020-03-12,1596.0,1156.0,184.0,19.0,421.2857142857143,218.71428571428572
2020-03-13,2222.0,1596.0,247.0,19.0,578.6428571428571,297.57142857142856
2020-03-14,2952.0,2222.0,417.0,26.0,787.6428571428571,402.5
2020-03-15,3234.0,2952.0,538.0,39.0,1015.8571428571429,517.5
2020-03-16,4667.0,3234.0,630.0,57.0,1345.142857142857,683.6428571428571
2020-03-17,6450.0,4667.0,797.0,79.0,1800.2142857142858,913.4285714285714
2020-03-18,9156.0,6450.0,1156.0,113.0,2446.1428571428573,1239.857142857143
2020-03-19,13663.0,9156.0,1596.0,184.0,3408.9285714285716,1727.25
2020-03-20,20064.0,13663.0,2222.0,247.0,4824.428571428572,2443.25
2020-03-21,26056.0,20064.0,2952.0,417.0,6655.785714285715,3373.25
2020-03-22,34944.0,26056.0,3234.0,538.0,9113.357142857143,4620.678571428572
2020-03-23,46096.0,34944.0,4667.0,630.0,12360.92857142857,6266.357142857143
2020-03-24,56714.0,46096.0,6450.0,797.0,16355.0,8291.214285714286
2020-03-25,68841.0,56714.0,9156.0,1156.0,21189.64285714286,10749.142857142857
2020-03-26,86662.0,68841.0,13663.0,1596.0,27265.785714285714,13843.535714285714
2020-03-27,105253.0,86662.0,20064.0,2222.0,34625.142857142855,17601.89285714286
2020-03-28,127417.0,105253.0,26056.0,2952.0,43515.5,22151.571428571428
2020-03-29,143544.0,127417.0,34944.0,3234.0,53537.642857142855,27276.75
2020-03-30,165698.0,143544.0,46096.0,4667.0,65039.857142857145,33192.5
2020-03-31,192079.0,165698.0,56714.0,6450.0,78299.07142857143,40049.642857142855
2020-04-01,227543.0,192079.0,68841.0,9156.0,93898.14285714286,48172.142857142855
2020-04-02,259798.0,227543.0,86662.0,13663.0,111479.21428571429,57444.07142857143
2020-04-03,292201.0,259798.0,105253.0,20064.0,130917.57142857143,67871.0
2020-04-04,323965.0,292201.0,127417.0,26056.0,152196.7857142857,79426.28571428571
2020-04-05,353117.0,323965.0,143544.0,34944.0,174923.42857142858,92018.39285714286
2020-04-06,385110.0,353117.0,165698.0,46096.0,199138.7142857143,105749.82142857143
2020-04-07,415256.0,385110.0,192079.0,56714.0,224748.85714285713,120551.92857142857
2020-04-08,446500.0,415256.0,227543.0,68841.0,251724.5,136457.07142857142
2020-04-09,481981.0,446500.0,259798.0,86662.0,279961.5714285714,153613.67857142858
2020-04-10,516396.0,481981.0,292201.0,105253.0,309328.9285714286,171977.0357142857
2020-04-11,545313.0,516396.0,323965.0,127417.0,339178.64285714284,191347.07142857142
2020-04-12,571551.0,545313.0,353117.0,143544.0,369750.5714285714,211644.10714285713
2020-04-13,598789.0,571551.0,385110.0,165698.0,400685.64285714284,232862.75
2020-04-14,627306.0,598789.0,415256.0,192079.0,431773.28571428574,255036.17857142858
2020-04-15,653345.0,627306.0,446500.0,227543.0,462187.71428571426,278042.9285714286
2020-04-16,682962.0,653345.0,481981.0,259798.0,492413.71428571426,301946.46428571426
2020-04-17,716152.0,682962.0,516396.0,292201.0,522695.9285714286,326806.75
2020-04-18,743464.0,716152.0,545313.0,323965.0,552660.1428571428,352428.46428571426
2020-04-19,768888.0,743464.0,571551.0,353117.0,582358.0714285715,378640.75
2020-04-20,799149.0,768888.0,598789.0,385110.0,611932.2857142857,405535.5
2020-04-21,825478.0,799149.0,627306.0,415256.0,641233.8571428572,432991.35714285716
2020-04-22,855445.0,825478.0,653345.0,446500.0,670444.2142857143,461084.35714285716
2020-04-23,887523.0,855445.0,682962.0,481981.0,699411.5,489686.53571428574
2020-04-24,919014.0,887523.0,716152.0,516396.0,728169.9285714285,518749.4285714286
2020-04-25,949640.0,919014.0,743464.0,545313.0,757050.4285714285,548114.5357142857
2020-04-26,975537.0,949640.0,768888.0,571551.0,785906.5714285715,577828.5714285715
2020-04-27,1000230.0,975537.0,799149.0,598789.0,814580.9285714285,607633.2857142857
2020-04-28,1024834.0,1000230.0,825478.0,627306.0,842975.7857142857,637374.5357142857
2020-04-29,1051643.0,1024834.0,855445.0,653345.0,871425.6428571428,666806.6785714285
2020-04-30,1081150.0,1051643.0,887523.0,682962.0,899867.6428571428,696140.6785714285
2020-05-01,1115972.0,1081150.0,919014.0,716152.0,928426.2142857143,725561.0714285715
2020-05-02,1142619.0,1115972.0,949640.0,743464.0,956937.2857142857,754798.7142857143
2020-05-03,1166189.0,1142619.0,975537.0,768888.0,985315.9285714285,783837.0
2020-05-04,1190240.0,1166189.0,1000230.0,799149.0,1013251.0,812591.6428571428
2020-05-05,1214321.0,1190240.0,1024834.0,825478.0,1041025.5,841129.6785714285
2020-05-06,1238694.0,1214321.0,1051643.0,855445.0,1068400.4285714286,869422.3214285715
2020-05-07,1266904.0,1238694.0,1081150.0,887523.0,1095499.0714285714,897455.2857142857
2020-05-08,1294111.0,1266904.0,1115972.0,919014.0,1122291.7142857143,925230.8214285715
2020-05-09,1318358.0,1294111.0,1142619.0,949640.0,1148628.7142857143,952839.5714285715
2020-05-10,1337061.0,1318358.0,1166189.0,975537.0,1174451.857142857,980179.2142857143
2020-05-11,1356283.0,1337061.0,1190240.0,1000230.0,1199884.2142857143,1007232.5714285715
2020-05-12,1379661.0,1356283.0,1214321.0,1024834.0,1225229.0,1034102.3928571428
2020-05-13,1399662.0,1379661.0,1238694.0,1051643.0,1250087.5,1060756.5714285714
2020-05-14,1425539.0,1399662.0,1266904.0,1081150.0,1274686.7142857143,1087277.1785714286
2020-05-15,1449938.0,1425539.0,1294111.0,1115972.0,1298541.4285714286,1113483.8214285714
2020-05-16,1473806.0,1449938.0,1318358.0,1142619.0,1322197.642857143,1139567.4642857143
2020-05-17,1492449.0,1473806.0,1337061.0,1166189.0,1345501.9285714286,1165408.9285714286
2020-05-18,1514833.0,1492449.0,1356283.0,1190240.0,1368687.142857143,1190969.0714285714
2020-05-19,1535591.0,1514833.0,1379661.0,1214321.0,1391635.0,1216330.25
2020-05-20,1558430.0,1535591.0,1399662.0,1238694.0,1414473.2857142857,1241436.857142857
2020-05-21,1583542.0,1558430.0,1425539.0,1266904.0,1437090.2857142857,1266294.6785714286
2020-05-22,1607464.0,1583542.0,1449938.0,1294111.0,1459472.642857143,1290882.1785714286
2020-05-23,1627392.0,1607464.0,1473806.0,1318358.0,1481546.5,1315087.607142857
2020-05-24,1647513.0,1627392.0,1492449.0,1337061.0,1503721.642857143,1339086.75
2020-05-25,1666699.0,1647513.0,1514833.0,1356283.0,1525894.2142857143,1362889.2142857143
2020-05-26,1685395.0,1666699.0,1535591.0,1379661.0,1547732.357142857,1386480.6785714286
2020-05-27,1704200.0,1685395.0,1558430.0,1399662.0,1569485.0714285714,1409786.2857142857
2020-05-28,1725329.0,1704200.0,1583542.0,1425539.0,1590898.642857143,1432792.6785714286
2020-05-29,1750066.0,1725329.0,1607464.0,1449938.0,1612336.357142857,1455438.892857143
2020-05-30,1772783.0,1750066.0,1627392.0,1473806.0,1633691.857142857,1477944.75
2020-05-31,1791547.0,1772783.0,1647513.0,1492449.0,1655056.0,1500278.9642857143
2020-06-01,1809384.0,1791547.0,1666699.0,1514833.0,1676095.357142857,1522391.25
2020-06-02,1829340.0,1809384.0,1685395.0,1535591.0,1697077.4285714286,1544356.2142857143
2020-06-03,1848388.0,1829340.0,1704200.0,1558430.0,1717788.7142857143,1566131.0
2020-06-04,1876099.0,1848388.0,1725329.0,1583542.0,1738685.642857143,1587887.9642857143
2020-06-05,1902280.0,1876099.0,1750066.0,1607464.0,1759743.9285714286,1609608.2857142857
2020-06-06,1922433.0,1902280.0,1772783.0,1627392.0,1780818.2857142857,1631182.392857143
2020-06-07,1940242.0,1922433.0,1791547.0,1647513.0,1801727.5,1652724.5714285714
2020-06-08,1957154.0,1940242.0,1809384.0,1666699.0,1822474.2857142857,1674184.25
2020-06-09,1977478.0,1957154.0,1829340.0,1685395.0,1843337.357142857,1695534.857142857
2020-06-10,1999224.0,1977478.0,1848388.0,1704200.0,1864410.5,1716947.7857142857
2020-06-11,2021527.0,1999224.0,1876099.0,1725329.0,1885567.5,1738233.0714285714
2020-06-12,2047082.0,2021527.0,1902280.0,1750066.0,1906782.9285714286,1759559.642857143
2020-06-13,2071218.0,2047082.0,1922433.0,1772783.0,1928099.7142857143,1780895.7857142857
2020-06-14,2090171.0,2071218.0,1940242.0,1791547.0,1949430.0,1802243.0
2020-06-15,2111266.0,2090171.0,1957154.0,1809384.0,1970993.0,1823544.1785714286
2020-06-16,2135894.0,2111266.0,1977478.0,1829340.0,1992889.7142857143,1844983.5714285714
2020-06-17,2162973.0,2135894.0,1999224.0,1848388.0,2015360.0714285714,1866574.392857143
2020-06-18,2191211.0,2162973.0,2021527.0,1876099.0,2037868.0714285714,1888276.857142857
2020-06-19,2222207.0,2191211.0,2047082.0,1902280.0,2060720.0,1910231.9642857143
2020-06-20,2254073.0,2222207.0,2071218.0,1922433.0,2084408.5714285714,1932613.4285714286
2020-06-21,2279932.0,2254073.0,2090171.0,1940242.0,2108672.1428571427,1955199.8214285714
2020-06-22,2309921.0,2279932.0,2111266.0,1957154.0,2133869.785714286,1978172.0357142857
2020-06-23,2348750.0,2309921.0,2135894.0,1977478.0,2160389.214285714,2001863.2857142857
2020-06-24,2385029.0,2348750.0,2162973.0,1999224.0,2187946.714285714,2026178.607142857
2020-06-25,2424386.0,2385029.0,2191211.0,2021527.0,2216722.3571428573,2051144.9285714286
2020-06-26,2473472.0,2424386.0,2222207.0,2047082.0,2247178.785714286,2076980.857142857
2020-06-27,2514305.0,2473472.0,2254073.0,2071218.0,2278827.8571428573,2103463.785714286
2020-06-28,2557223.0,2514305.0,2279932.0,2090171.0,2312188.714285714,2130809.3571428573
2020-06-29,2598741.0,2557223.0,2309921.0,2111266.0,2347008.3571428573,2159000.6785714286
2020-06-30,2648797.0,2598741.0,2348750.0,2135894.0,2383644.285714286,2188267.0
2020-07-01,2698127.0,2648797.0,2385029.0,2162973.0,2421869.5714285714,2218614.8214285714
2020-07-02,2753211.0,2698127.0,2424386.0,2191211.0,2462012.4285714286,2249940.25
2020-07-03,2804869.0,2753211.0,2473472.0,2222207.0,2503631.1428571427,2282175.5714285714
2020-07-04,2850893.0,2804869.0,2514305.0,2254073.0,2546261.1428571427,2315334.8571428573
2020-07-05,2904843.0,2850893.0,2557223.0,2279932.0,2590897.6428571427,2349784.8928571427
2020-07-06,2948475.0,2904843.0,2598741.0,2309921.0,2636508.6428571427,2385189.214285714
2020-07-07,3005888.0,2948475.0,2648797.0,2348750.0,2683447.0714285714,2421918.1428571427
2020-07-08,3066392.0,3005888.0,2698127.0,2385029.0,2732115.8571428573,2460031.285714286
2020-07-09,3126225.0,3066392.0,2753211.0,2424386.0,2782247.214285714,2499484.785714286
2020-07-10,3194747.0,3126225.0,2804869.0,2473472.0,2833766.8571428573,2540472.8214285714
2020-07-11,3255188.0,3194747.0,2850893.0,2514305.0,2886687.0714285714,2582757.464285714
2020-07-12,3315408.0,3255188.0,2904843.0,2557223.0,2940843.1428571427,2626515.9285714286
2020-07-13,3375033.0,3315408.0,2948475.0,2598741.0,2996292.5714285714,2671650.464285714
2020-07-14,3440790.0,3375033.0,3005888.0,2648797.0,3052863.5,2718253.8928571427
2020-07-15,3507089.0,3440790.0,3066392.0,2698127.0,3110646.5,2766258.035714286
2020-07-16,3577863.0,3507089.0,3126225.0,2753211.0,3169550.214285714,2815781.3214285714
2020-07-17,3644285.0,3577863.0,3194747.0,2804869.0,3229508.5,2866569.8214285714
2020-07-18,3708610.0,3644285.0,3255188.0,2850893.0,3290774.0,2918517.5714285714
2020-07-19,3767603.0,3708610.0,3315408.0,2904843.0,3352399.714285714,2971648.6785714286
2020-07-20,3828459.0,3767603.0,3375033.0,2948475.0,3415255.714285714,3025882.1785714286
2020-07-21,3896754.0,3828459.0,3440790.0,3005888.0,3478889.0,3081168.035714286
2020-07-22,3964204.0,3896754.0,3507089.0,3066392.0,3543018.4285714286,3137567.1428571427
2020-07-23,4031971.0,3964204.0,3577863.0,3126225.0,3607714.5714285714,3194980.8928571427
2020-07-24,4106920.0,4031971.0,3644285.0,3194747.0,3672869.785714286,3253318.3214285714
2020-07-25,4170675.0,4106920.0,3708610.0,3255188.0,3738261.714285714,3312474.3928571427
2020-07-26,4226306.0,4170675.0,3767603.0,3315408.0,3803325.8571428573,3372084.5
2020-07-27,4286303.0,4226306.0,3828459.0,3375033.0,3868416.5714285714,3432354.5714285714
2020-07-28,4350867.0,4286303.0,3896754.0,3440790.0,3933422.0714285714,3493142.785714286
2020-07-29,4414919.0,4350867.0,3964204.0,3507089.0,3998267.0714285714,3554456.785714286
2020-07-30,4484123.0,4414919.0,4031971.0,3577863.0,4062999.9285714286,3616275.0714285714
2020-07-31,4548498.0,4484123.0,4106920.0,3644285.0,4127586.5714285714,3678547.535714286
2020-08-01,4605922.0,4548498.0,4170675.0,3708610.0,4191680.285714286,3741227.1428571427
2020-08-02,4652811.0,4605922.0,4226306.0,3767603.0,4254909.428571428,3803654.5714285714
2020-08-03,4694707.0,4652811.0,4286303.0,3828459.0,4316784.285714285,3866020.0
2020-08-04,4756328.0,4694707.0,4350867.0,3896754.0,4378182.428571428,3928535.714285714
2020-08-05,4810465.0,4756328.0,4414919.0,3964204.0,4438629.642857143,3990824.035714286
2020-08-06,4870501.0,4810465.0,4484123.0,4031971.0,4498524.642857143,4053119.6071428573
2020-08-07,4930942.0,4870501.0,4548498.0,4106920.0,4557383.357142857,4115126.5714285714
2020-08-08,4994709.0,4930942.0,4605922.0,4170675.0,4616242.928571428,4177252.3214285714
2020-08-09,5048872.0,4994709.0,4652811.0,4226306.0,4674997.642857143,4239161.75
2020-08-10,5100509.0,5048872.0,4694707.0,4286303.0,4733155.214285715,4300785.892857143
2020-08-11,5157385.0,5100509.0,4756328.0,4350867.0,4790763.642857143,4362092.857142857
2020-08-12,5212607.0,5157385.0,4810465.0,4414919.0,4847741.357142857,4423004.214285715
2020-08-13,5264053.0,5212607.0,4870501.0,4484123.0,4903450.642857143,4483225.285714285
2020-08-14,5334125.0,5264053.0,4930942.0,4548498.0,4959566.857142857,4543576.714285715
2020-08-15,5386450.0,5334125.0,4994709.0,4605922.0,5015318.857142857,4603499.571428572
2020-08-16,5421027.0,5386450.0,5048872.0,4652811.0,5070191.428571428,4662550.428571428
2020-08-17,5459024.0,5421027.0,5100509.0,4694707.0,5124785.5,4720784.892857143
2020-08-18,5503999.0,5459024.0,5157385.0,4756328.0,5178190.571428572,4778186.5
2020-08-19,5549914.0,5503999.0,5212607.0,4810465.0,5231008.357142857,4834819.0
2020-08-20,5595049.0,5549914.0,5264053.0,4870501.0,5282761.785714285,4890643.214285715
2020-08-21,5642949.0,5595049.0,5334125.0,4930942.0,5333619.428571428,4945501.392857143
2020-08-22,5688220.0,5642949.0,5386450.0,4994709.0,5383155.928571428,4999699.428571428
2020-08-23,5720123.0,5688220.0,5421027.0,5048872.0,5431102.428571428,5053050.035714285
2020-08-24,5754214.0,5720123.0,5459024.0,5100509.0,5477795.642857143,5105475.428571428
2020-08-25,5796776.0,5754214.0,5503999.0,5157385.0,5523466.428571428,5157115.035714285
2020-08-26,5838968.0,5796776.0,5549914.0,5212607.0,5568206.5,5207973.928571428
2020-08-27,5889405.0,5838968.0,5595049.0,5264053.0,5612874.5,5258162.571428572
2020-08-28,5935725.0,5889405.0,5642949.0,5334125.0,5655845.928571428,5307706.392857143
2020-08-29,5978796.0,5935725.0,5688220.0,5386450.0,5698156.357142857,5356737.607142857
2020-08-30,6012964.0,5978796.0,5720123.0,5421027.0,5740437.571428572,5405314.5
2020-08-31,6046490.0,6012964.0,5754214.0,5459024.0,5782399.428571428,5453592.464285715
2020-09-01,6088459.0,6046490.0,5796776.0,5503999.0,5824146.571428572,5501168.571428572
2020-09-02,6128577.0,6088459.0,5838968.0,5549914.0,5865479.642857143,5548244.0
2020-09-03,6173788.0,6128577.0,5889405.0,5595049.0,5906818.142857143,5594789.964285715
2020-09-04,6222447.0,6173788.0,5935725.0,5642949.0,5948210.857142857,5640915.142857143
2020-09-05,6265685.0,6222447.0,5978796.0,5688220.0,5989458.357142857,5686307.142857143
2020-09-06,6294763.0,6265685.0,6012964.0,5720123.0,6030504.071428572,5730803.25
2020-09-07,6319465.0,6294763.0,6046490.0,5754214.0,6070879.142857143,5774337.392857143
2020-09-08,6346568.0,6319465.0,6088459.0,5796776.0,6110150.0,5816808.214285715
2020-09-09,6380419.0,6346568.0,6128577.0,5838968.0,6148825.071428572,5858515.785714285
2020-09-10,6420041.0,6380419.0,6173788.0,5889405.0,6186727.642857143,5899801.071428572
2020-09-11,6464866.0,6420041.0,6222447.0,5935725.0,6224523.428571428,5940184.678571428
2020-09-12,6510481.0,6464866.0,6265685.0,5978796.0,6262500.928571428,5980328.642857143
2020-09-13,6550789.0,6510481.0,6294763.0,6012964.0,6300917.0,6020677.285714285
2020-09-14,6583690.0,6550789.0,6319465.0,6046490.0,6339288.428571428,6060843.928571428
2020-09-15,6621129.0,6583690.0,6346568.0,6088459.0,6377336.285714285,6100741.428571428
2020-09-16,6659478.0,6621129.0,6380419.0,6128577.0,6415257.785714285,6140368.714285715
2020-09-17,6704919.0,6659478.0,6420041.0,6173788.0,6453195.714285715,6180006.928571428
2020-09-18,6755146.0,6704919.0,6464866.0,6222447.0,6491245.642857143,6219728.25
2020-09-19,6800801.0,6755146.0,6510481.0,6265685.0,6529468.214285715,6259463.285714285
2020-09-20,6842406.0,6800801.0,6550789.0,6294763.0,6568585.571428572,6299544.821428572
2020-09-21,6874666.0,6842406.0,6583690.0,6319465.0,6608242.785714285,6339560.964285715
2020-09-22,6912974.0,6874666.0,6621129.0,6346568.0,6648700.357142857,6379425.178571428
2020-09-23,6954204.0,6912974.0,6659478.0,6380419.0,6689685.0,6419255.035714285
2020-09-24,7003201.0,6954204.0,6704919.0,6420041.0,6731339.285714285,6459033.464285715
2020-09-25,7050827.0,7003201.0,6755146.0,6464866.0,6773193.642857143,6498858.535714285
2020-09-26,7094717.0,7050827.0,6800801.0,6510481.0,6814924.785714285,6538712.857142857
2020-09-27,7128424.0,7094717.0,6842406.0,6550789.0,6856184.428571428,6578550.714285715
2020-09-28,7164995.0,7128424.0,6874666.0,6583690.0,6897706.214285715,6618497.321428572
2020-09-29,7207285.0,7164995.0,6912974.0,6621129.0,6939574.5,6658455.392857143
2020-09-30,7246201.0,7207285.0,6954204.0,6659478.0,6981483.285714285,6698370.535714285
2020-10-01,7292563.0,7246201.0,7003201.0,6704919.0,7023457.857142857,6738326.785714285
2020-10-02,7346110.0,7292563.0,7050827.0,6755146.0,7065669.571428572,6778457.607142857
2020-10-03,7395490.0,7346110.0,7094717.0,6800801.0,7108147.357142857,6818807.785714285
2020-10-04,7428860.0,7395490.0,7128424.0,6842406.0,7150036.928571428,6859311.25
2020-10-05,7466807.0,7428860.0,7164995.0,6874666.0,7192332.714285715,6900287.75
2020-10-06,7511828.0,7466807.0,7207285.0,6912974.0,7235108.0,6941904.178571428
2020-10-07,7561295.0,7511828.0,7246201.0,6954204.0,7278471.642857143,6984078.321428572
2020-10-08,7619508.0,7561295.0,7292563.0,7003201.0,7322493.571428572,7026916.428571428
2020-10-09,7674839.0,7619508.0,7346110.0,7050827.0,7367065.857142857,7070129.75
2020-10-10,7730093.0,7674839.0,7395490.0,7094717.0,7412449.857142857,7113687.321428572
2020-10-11,7776973.0,7730093.0,7428860.0,7128424.0,7458774.785714285,7157479.607142857
2020-10-12,7819928.0,7776973.0,7466807.0,7164995.0,7505555.714285715,7201630.964285715
2020-10-13,7870524.0,7819928.0,7511828.0,7207285.0,7552929.928571428,7246252.214285715
2020-10-14,7929695.0,7870524.0,7561295.0,7246201.0,7601750.928571428,7291617.107142857
2020-10-15,7993557.0,7929695.0,7619508.0,7292563.0,7651821.928571428,7337639.892857143
2020-10-16,8063867.0,7993557.0,7674839.0,7346110.0,7703090.285714285,7384379.928571428
2020-10-17,8118717.0,8063867.0,7730093.0,7395490.0,7754749.357142857,7431448.357142857
2020-10-18,8171011.0,8118717.0,7776973.0,7428860.0,7807760.142857143,7478898.535714285
2020-10-19,8239748.0,8171011.0,7819928.0,7466807.0,7862970.214285715,7527651.464285715
2020-10-20,8302319.0,8239748.0,7870524.0,7511828.0,7919433.857142857,7577270.928571428
2020-10-21,8363744.0,8302319.0,7929695.0,7561295.0,7976751.642857143,7627611.642857143
2020-10-22,8443960.0,8363744.0,7993557.0,7619508.0,8035641.071428572,7679067.321428572
2020-10-23,8526092.0,8443960.0,8063867.0,7674839.0,8096444.857142857,7731755.357142857
2020-10-24,8604191.0,8526092.0,8118717.0,7730093.0,8158880.428571428,7785665.142857143
2020-10-25,8664568.0,8604191.0,8171011.0,7776973.0,8222280.071428572,7840527.428571428
2020-10-26,8729038.0,8664568.0,8239748.0,7819928.0,8287216.5,7896386.107142857
2020-10-27,8808015.0,8729038.0,8302319.0,7870524.0,8354180.142857143,7953555.035714285
2020-10-28,8896403.0,8808015.0,8363744.0,7929695.0,8423230.714285715,8012490.821428572
2020-10-29,8989082.0,8896403.0,8443960.0,7993557.0,8494339.642857144,8073080.785714285
2020-10-30,9089581.0,8989082.0,8526092.0,8063867.0,8567604.92857143,8135347.607142857
2020-10-31,9176353.0,9089581.0,8604191.0,8118717.0,8643150.357142856,8198949.857142857
2020-11-01,9254491.0,9176353.0,8664568.0,8171011.0,8720541.785714285,8264150.964285715
2020-11-02,9338429.0,9254491.0,8729038.0,8239748.0,8799019.0,8330994.607142857
2020-11-03,9465331.0,9338429.0,8808015.0,8302319.0,8882091.285714285,8400762.57142857
2020-11-04,9567400.0,9465331.0,8896403.0,8363744.0,8968066.714285715,8472409.17857143
2020-11-05,9697432.0,9567400.0,8989082.0,8443960.0,9057600.42857143,8546620.75
2020-11-06,9826559.0,9697432.0,9089581.0,8526092.0,9150490.92857143,8623467.892857144
2020-11-07,9953781.0,9826559.0,9176353.0,8604191.0,9246890.214285715,8702885.32142857
2020-11-08,10073149.0,9953781.0,9254491.0,8664568.0,9347503.142857144,8784891.607142856
2020-11-09,10192674.0,10073149.0,9338429.0,8729038.0,9452048.57142857,8869632.535714285
2020-11-10,10331958.0,10192674.0,9465331.0,8808015.0,9560901.642857144,8957540.892857144
2020-11-11,10481517.0,10331958.0,9567400.0,8896403.0,9674124.07142857,9048677.392857144
2020-11-12,10641054.0,10481517.0,9697432.0,8989082.0,9792122.07142857,9143230.857142856
2020-11-13,10819815.0,10641054.0,9826559.0,9089581.0,9915710.214285715,9241657.57142857
2020-11-14,10982695.0,10819815.0,9953781.0,9176353.0,10044734.642857144,9343942.5
2020-11-15,11121209.0,10982695.0,10073149.0,9254491.0,10178071.642857144,9449306.714285715
2020-11-16,11276946.0,11121209.0,10192674.0,9338429.0,10316537.142857144,9557778.07142857
2020-11-17,11444298.0,11276946.0,10331958.0,9465331.0,10457891.92857143,9669991.607142856
2020-11-18,11617714.0,11444298.0,10481517.0,9567400.0,10604342.92857143,9786204.82142857
2020-11-19,11809681.0,11617714.0,10641054.0,9697432.0,10755217.857142856,9906409.142857144
2020-11-20,12010766.0,11809681.0,10819815.0,9826559.0,10911232.642857144,10030861.785714285
2020-11-21,12188370.0,12010766.0,10982695.0,9953781.0,11070846.142857144,10158868.17857143
2020-11-22,12333605.0,12188370.0,11121209.0,10073149.0,11232307.285714285,10289905.214285715
2020-11-23,12517891.0,12333605.0,11276946.0,10192674.0,11398394.214285715,10425221.392857144
2020-11-24,12692859.0,12517891.0,11444298.0,10331958.0,11567030.0,10563965.82142857
2020-11-25,12874110.0,12692859.0,11617714.0,10481517.0,11737929.5,10706026.785714285
2020-11-26,12987021.0,12874110.0,11809681.0,10641054.0,11905498.57142857,10848810.32142857
2020-11-27,13202223.0,12987021.0,12010766.0,10819815.0,12075670.57142857,10995690.392857144
2020-11-28,13369712.0,13202223.0,12188370.0,10982695.0,12246171.785714285,11145453.214285715
2020-11-29,13509385.0,13369712.0,12333605.0,11121209.0,12416755.785714285,11297413.714285715
2020-11-30,13667916.0,13509385.0,12517891.0,11276946.0,12587539.357142856,11452038.25
2020-12-01,13866747.0,13667916.0,12692859.0,11444298.0,12760571.42857143,11609231.67857143
2020-12-02,14063763.0,13866747.0,12874110.0,11617714.0,12935289.214285715,11769816.07142857
2020-12-03,14283186.0,14063763.0,12987021.0,11809681.0,13111968.142857144,11933593.0
2020-12-04,14518320.0,14283186.0,13202223.0,12010766.0,13291079.142857144,12101155.892857144
2020-12-05,14738243.0,14518320.0,13369712.0,12188370.0,13473212.92857143,12272029.535714285
2020-12-06,14916374.0,14738243.0,13509385.0,12333605.0,13657696.42857143,12445001.857142856
2020-12-07,15112615.0,14916374.0,13667916.0,12517891.0,13843033.857142856,12620714.035714285
2020-12-08,15340114.0,15112615.0,13866747.0,12692859.0,14032123.5,12799576.75
2020-12-09,15555849.0,15340114.0,14063763.0,12874110.0,14223676.285714285,12980802.892857144
2020-12-10,15791626.0,15555849.0,14283186.0,12987021.0,14424005.214285715,13164751.892857144
2020-12-11,16028528.0,15791626.0,14518320.0,13202223.0,14625884.142857144,13350777.357142856
2020-12-12,16251284.0,16028528.0,14738243.0,13369712.0,14831710.714285715,13538941.25
2020-12-13,16441926.0,16251284.0,14916374.0,13509385.0,15041177.92857143,13728966.857142856
2020-12-14,16652287.0,16441926.0,15112615.0,13667916.0,15254347.285714285,13920943.32142857
2020-12-15,16879508.0,16652287.0,15340114.0,13866747.0,15469544.5,14115057.964285715
2020-12-16,17113651.0,16879508.0,15555849.0,14063763.0,15687393.642857144,14311341.42857143
2020-12-17,17352825.0,17113651.0,15791626.0,14283186.0,15906653.57142857,14509310.857142856
2020-12-18,17599265.0,17352825.0,16028528.0,14518320.0,16126721.07142857,14708900.107142856
2020-12-19,17804290.0,17599265.0,16251284.0,14738243.0,16345724.42857143,14909468.67857143
2020-12-20,17990459.0,17804290.0,16441926.0,14916374.0,16565301.92857143,15111499.17857143
2020-12-21,18187884.0,17990459.0,16652287.0,15112615.0,16784964.0,15313998.92857143
2020-12-22,18393674.0,18187884.0,16879508.0,15340114.0,17003075.42857143,15517599.464285715
2020-12-23,18614461.0,18393674.0,17113651.0,15555849.0,17221547.714285713,15722612.0
2020-12-24,18826056.0,18614461.0,17352825.0,15791626.0,17438292.714285713,15931148.964285715
2020-12-25,18951580.0,18826056.0,17599265.0,16028528.0,17647082.14285714,16136483.142857144
2020-12-26,19169548.0,18951580.0,17804290.0,16251284.0,17855529.57142857,16343620.142857144
2020-12-27,19305731.0,19169548.0,17990459.0,16441926.0,18060087.07142857,16550632.5
2020-12-28,19480364.0,19305731.0,18187884.0,16652287.0,18262092.57142857,16758219.92857143
2020-12-29,19687206.0,19480364.0,18393674.0,16879508.0,18462642.42857143,16966093.464285713
2020-12-30,19905955.0,19687206.0,18614461.0,17113651.0,18662092.714285713,17174743.17857143
2020-12-31,20219881.0,19905955.0,18826056.0,17352825.0,18866882.42857143,17386768.0
2021-01-01,20397401.0,20219881.0,18951580.0,17599265.0,19066749.285714287,17596735.17857143
2021-01-02,20670025.0,20397401.0,19169548.0,17804290.0,19271444.64285714,17808584.535714287
2021-01-03,20873238.0,20670025.0,19305731.0,17990459.0,19477357.42857143,18021329.67857143
2021-01-04,21059971.0,20873238.0,19480364.0,18187884.0,19682506.5,18233735.25
2021-01-05,21292113.0,21059971.0,19687206.0,18393674.0,19889537.85714286,18446306.64285714
2021-01-06,21551828.0,21292113.0,19905955.0,18614461.0,20099349.785714287,18660448.75
2021-01-07,21836891.0,21551828.0,20219881.0,18826056.0,20314409.42857143,18876351.07142857
2021-01-08,22139751.0,21836891.0,20397401.0,18951580.0,20542135.92857143,19094609.035714287
2021-01-09,22403255.0,22139751.0,20670025.0,19169548.0,20773115.0,19314322.285714287
2021-01-10,22613201.0,22403255.0,20873238.0,19305731.0,21009362.85714286,19534724.964285713
2021-01-11,22817703.0,22613201.0,21059971.0,19480364.0,21247744.214285713,19754918.39285714
2021-01-12,23040119.0,22817703.0,21292113.0,19687206.0,21487238.0,19974940.214285713
2021-01-13,23268794.0,23040119.0,21551828.0,19905955.0,21727440.785714287,20194766.75
2021-01-14,23503718.0,23268794.0,21836891.0,20219881.0,21962000.57142857,20414441.5
2021-01-15,23748054.0,23503718.0,22139751.0,20397401.0,22201332.92857143,20634041.10714286
2021-01-16,23965036.0,23748054.0,22403255.0,20670025.0,22436690.85714286,20854067.75
2021-01-17,24141201.0,23965036.0,22613201.0,20873238.0,22670116.785714287,21073737.10714286
2021-01-18,24282485.0,24141201.0,22817703.0,21059971.0,22900296.35714286,21291401.42857143
2021-01-19,24439499.0,24282485.0,23040119.0,21292113.0,23125109.64285714,21507323.75
2021-01-20,24627167.0,24439499.0,23268794.0,21551828.0,23344776.714285713,21722063.25
2021-01-21,24819194.0,24627167.0,23503718.0,21836891.0,23557798.35714286,21936103.89285714
2021-01-22,25010550.0,24819194.0,23748054.0,22139751.0,23762855.42857143,22152495.67857143
2021-01-23,25187889.0,25010550.0,23965036.0,22403255.0,23961757.85714286,22367436.42857143
2021-01-24,25327684.0,25187889.0,24141201.0,22613201.0,24155649.5,22582506.17857143
2021-01-25,25457657.0,25327684.0,24282485.0,22817703.0,24344217.64285714,22795980.92857143
2021-01-26,25608950.0,25457657.0,24439499.0,23040119.0,24527705.57142857,23007471.785714287
2021-01-27,25764115.0,25608950.0,24627167.0,23268794.0,24705942.785714287,23216691.785714287
2021-01-28,25930830.0,25764115.0,24819194.0,23503718.0,24879307.92857143,23420654.25
2021-01-29,26094129.0,25930830.0,25010550.0,23748054.0,25046884.714285713,23624108.82142857
2021-01-30,26244538.0,26094129.0,25187889.0,23965036.0,25209706.285714287,23823198.57142857
2021-01-31,26357109.0,26244538.0,25327684.0,24141201.0,25367985.42857143,24019051.10714286
2021-02-01,26482921.0,26357109.0,25457657.0,24282485.0,25525159.42857143,24212727.89285714
2021-02-02,26600311.0,26482921.0,25608950.0,24439499.0,25679503.14285714,24402306.39285714
2021-02-03,26724686.0,26600311.0,25764115.0,24627167.0,25829325.92857143,24587051.32142857
2021-02-04,26849339.0,26724686.0,25930830.0,24819194.0,25974336.285714287,24766067.32142857
2021-02-05,26979746.0,26849339.0,26094129.0,25010550.0,26114993.14285714,24938924.285714287
2021-02-06,27096026.0,26979746.0,26244538.0,25187889.0,26251288.64285714,25106523.25
2021-02-07,27185195.0,27096026.0,26357109.0,25327684.0,26383968.0,25269808.75
2021-02-08,27268357.0,27185195.0,26482921.0,25457657.0,26513303.714285713,25428760.67857143
2021-02-09,27364115.0,27268357.0,26600311.0,25608950.0,26638672.64285714,25583189.10714286
2021-02-10,27459810.0,27364115.0,26724686.0,25764115.0,26759793.714285713,25732868.25
2021-02-11,27565962.0,27459810.0,26849339.0,25930830.0,26876588.85714286,25877948.39285714
2021-02-12,27665521.0,27565962.0,26979746.0,26094129.0,26988831.14285714,26017857.92857143
2021-02-13,27755869.0,27665521.0,27096026.0,26244538.0,27096783.35714286,26153244.82142857
2021-02-14,27824059.0,27755869.0,27185195.0,26357109.0,27201565.5,26284775.464285713
2021-02-15,27880163.0,27824059.0,27268357.0,26482921.0,27301368.5,26413263.964285713
2021-02-16,27940001.0,27880163.0,27364115.0,26600311.0,27397060.64285714,26538281.89285714
2021-02-17,28009006.0,27940001.0,27459810.0,26724686.0,27488797.785714287,26659061.85714286
2021-02-18,28081256.0,28009006.0,27565962.0,26849339.0,27576791.85714286,26775564.07142857
2021-02-19,28156130.0,28081256.0,27665521.0,26979746.0,27660819.285714287,26887906.214285713
2021-02-20,28229711.0,28156130.0,27755869.0,27096026.0,27741796.785714287,26996542.714285713
2021-02-21,28284964.0,28229711.0,27824059.0,27185195.0,27820351.714285713,27102159.85714286
2021-02-22,28341020.0,28284964.0,27880163.0,27268357.0,27896970.5,27205137.10714286
2021-02-23,28414850.0,28341020.0,27940001.0,27364115.0,27972023.0,27305347.82142857
2021-02-24,28489831.0,28414850.0,28009006.0,27459810.0,28045595.92857143,27402694.82142857
2021-02-25,28566891.0,28489831.0,28081256.0,27565962.0,28117090.85714286,27496839.85714286
2021-02-26,28641814.0,28566891.0,28156130.0,27665521.0,28186826.07142857,27587828.60714286
2021-02-27,28712644.0,28641814.0,28229711.0,27755869.0,28255167.14285714,27675975.25
2021-02-28,28764300.0,28712644.0,28284964.0,27824059.0,28322327.214285713,27761946.35714286
2021-03-01,28814422.0,28764300.0,28341020.0,27880163.0,28389060.0,27845214.25
2021-03-02,28873099.0,28814422.0,28414850.0,27940001.0,28455709.85714286,27926385.25
2021-03-03,28940167.0,28873099.0,28489831.0,28009006.0,28522221.35714286,28005509.57142857
2021-03-04,29008608.0,28940167.0,28566891.0,28081256.0,28588460.785714287,28082626.32142857
2021-03-05,29075790.0,29008608.0,28641814.0,28156130.0,28654150.785714287,28157485.035714287
2021-03-06,29136553.0,29075790.0,28712644.0,28229711.0,28718925.214285713,28230361.0
2021-03-07,29178097.0,29136553.0,28764300.0,28284964.0,28782720.42857143,28301536.07142857
2021-03-08,29222845.0,29178097.0,28814422.0,28341020.0,28845707.92857143,28371339.214285713
2021-03-09,29278676.0,29222845.0,28873099.0,28414850.0,28907409.785714287,28439716.39285714
2021-03-10,29336396.0,29278676.0,28940167.0,28489831.0,28967878.714285713,28506737.32142857
2021-03-11,29398151.0,29336396.0,29008608.0,28566891.0,29027254.42857143,28572172.64285714
2021-03-12,29460425.0,29398151.0,29075790.0,28641814.0,29085726.64285714,28636276.35714286
2021-03-13,29516683.0,29460425.0,29136553.0,28712644.0,29143158.0,28699162.57142857
2021-03-14,29555249.0,29516683.0,29178097.0,28764300.0,29199654.35714286,28760990.785714287
2021-03-15,29606786.0,29555249.0,29222845.0,28814422.0,29256251.785714287,28822655.89285714
2021-03-16,29661865.0,29606786.0,29278676.0,28873099.0,29312592.214285713,28884151.035714287
2021-03-17,29721744.0,29661865.0,29336396.0,28940167.0,29368419.14285714,28945320.25
2021-03-18,29783947.0,29721744.0,29398151.0,29008608.0,29423800.5,29006130.64285714
2021-03-19,29844857.0,29783947.0,29460425.0,29075790.0,29478733.85714286,29066442.32142857
2021-03-20,29903124.0,29844857.0,29516683.0,29136553.0,29533488.92857143,29126207.07142857
2021-03-21,29938536.0,29903124.0,29555249.0,29178097.0,29587806.0,29185263.214285713
2021-03-22,29986973.0,29938536.0,29606786.0,29222845.0,29642386.57142857,29244047.25
2021-03-23,30039699.0,29986973.0,29661865.0,29278676.0,29696745.35714286,29302077.57142857
2021-03-24,30127524.0,30039699.0,29721744.0,29336396.0,29753254.5,29360566.60714286
2021-03-25,30194913.0,30127524.0,29783947.0,29398151.0,29810166.07142857,29418710.25
2021-03-26,30271057.0,30194913.0,29844857.0,29460425.0,29868068.35714286,29476897.5
2021-03-27,30334849.0,30271057.0,29903124.0,29516683.0,29926508.785714287,29534833.39285714
2021-03-28,30381221.0,30334849.0,29938536.0,29555249.0,29985506.785714287,29592580.57142857
2021-03-29,30447864.0,30381221.0,29986973.0,29606786.0,30045583.785714287,29650917.785714287
2021-03-30,30510086.0,30447864.0,30039699.0,29661865.0,30106171.0,29709381.60714286
2021-03-31,30579488.0,30510086.0,30127524.0,29721744.0,30167438.42857143,29767928.785714287
2021-04-01,30656333.0,30579488.0,30194913.0,29783947.0,30229751.714285713,29826776.10714286
2021-04-02,30730197.0,30656333.0,30271057.0,29844857.0,30292990.285714287,29885862.07142857
2021-04-03,30794706.0,30730197.0,30334849.0,29903124.0,30356674.714285713,29945081.82142857
2021-04-04,30832573.0,30794706.0,30381221.0,29938536.0,30420534.5,30004170.25
2021-04-05,30900797.0,30832573.0,30447864.0,29986973.0,30485807.64285714,30064097.10714286
2021-04-06,30964192.0,30900797.0,30510086.0,30039699.0,30551842.85714286,30124294.10714286
2021-04-07,31039931.0,30964192.0,30579488.0,30127524.0,30617014.785714287,30185134.64285714
2021-04-08,31119775.0,31039931.0,30656333.0,30194913.0,30683076.35714286,30246621.214285713
2021-04-09,31204187.0,31119775.0,30730197.0,30271057.0,30749728.5,30308898.42857143
2021-04-10,31274551.0,31204187.0,30794706.0,30334849.0,30816850.07142857,30371679.42857143
2021-04-11,31321882.0,31274551.0,30832573.0,30381221.0,30884040.14285714,30434773.464285713
2021-04-12,31385084.0,31321882.0,30900797.0,30447864.0,30950984.42857143,30498284.10714286
2021-04-13,31465797.0,31385084.0,30964192.0,30510086.0,31019249.5,30562710.25
2021-04-14,31540759.0,31465797.0,31039931.0,30579488.0,31087911.714285713,30627675.07142857
2021-04-15,31614987.0,31540759.0,31119775.0,30656333.0,31156387.0,30693069.35714286
2021-04-16,31697735.0,31614987.0,31204187.0,30730197.0,31225496.85714286,30759243.57142857
2021-04-17,31753119.0,31697735.0,31274551.0,30794706.0,31293954.92857143,30825314.82142857
2021-04-18,31796942.0,31753119.0,31321882.0,30832573.0,31362838.42857143,30891686.464285713
2021-04-19,31856777.0,31796942.0,31385084.0,30900797.0,31431122.714285713,30958465.17857143
2021-04-20,31919206.0,31856777.0,31465797.0,30964192.0,31499338.0,31025590.42857143
2021-04-21,31983896.0,31919206.0,31540759.0,31039931.0,31566764.07142857,31091889.42857143
2021-04-22,32050109.0,31983896.0,31614987.0,31119775.0,31633216.5,31158146.42857143
2021-04-23,32112759.0,32050109.0,31697735.0,31204187.0,31698114.5,31223921.5
2021-04-24,32167066.0,32112759.0,31753119.0,31274551.0,31761865.57142857,31289357.82142857
2021-04-25,32201474.0,32167066.0,31796942.0,31321882.0,31824693.57142857,31354366.85714286
2021-04-26,32244762.0,32201474.0,31856777.0,31385084.0,31886099.14285714,31418541.785714287
2021-04-27,32296819.0,32244762.0,31919206.0,31465797.0,31945457.85714286,31482353.67857143
2021-04-28,32352653.0,32296819.0,31983896.0,31540759.0,32003450.285714287,31545681.0
2021-04-29,32410332.0,32352653.0,32050109.0,31614987.0,32060260.64285714,31608323.82142857
2021-04-30,32468058.0,32410332.0,32112759.0,31697735.0,32115283.714285713,31670390.285714287
2021-05-01,32516229.0,32468058.0,32167066.0,31753119.0,32169791.57142857,31731873.25
2021-05-02,32546825.0,32516229.0,32201474.0,31796942.0,32223354.64285714,31793096.535714287
2021-05-03,32592225.0,32546825.0,32244762.0,31856777.0,32275886.64285714,31853504.67857143
2021-05-04,32634952.0,32592225.0,32296819.0,31919206.0,32327011.35714286,31913174.67857143
2021-05-05,32680747.0,32634952.0,32352653.0,31983896.0,32376786.42857143,31971775.25
2021-05-06,32726692.0,32680747.0,32410332.0,32050109.0,32425113.785714287,32029165.14285714
2021-05-07,32774857.0,32726692.0,32468058.0,32112759.0,32472406.5,32085260.5
2021-05-08,32809821.0,32774857.0,32516229.0,32167066.0,32518317.57142857,32140091.57142857
2021-05-09,32832560.0,32809821.0,32546825.0,32201474.0,32563395.14285714,32194044.35714286
2021-05-10,32865356.0,32832560.0,32592225.0,32244762.0,32607723.285714287,32246911.214285713
2021-05-11,32900636.0,32865356.0,32634952.0,32296819.0,32650853.07142857,32298155.464285713
2021-05-12,32936597.0,32900636.0,32680747.0,32352653.0,32692563.35714286,32348006.82142857
2021-05-13,32974480.0,32936597.0,32726692.0,32410332.0,32732859.64285714,32396560.14285714
2021-05-14,33016062.0,32974480.0,32774857.0,32468058.0,32772002.785714287,32443643.25
2021-05-15,33046543.0,33016062.0,32809821.0,32516229.0,32809882.35714286,32489836.964285713
2021-05-16,33064175.0,33046543.0,32832560.0,32546825.0,32846835.92857143,32535095.285714287
2021-05-17,33089706.0,33064175.0,32865356.0,32592225.0,32882370.285714287,32579128.464285713
2021-05-18,33118724.0,33089706.0,32900636.0,32634952.0,32916925.42857143,32621968.39285714
2021-05-19,33147768.0,33118724.0,32936597.0,32680747.0,32950284.07142857,32663535.25
2021-05-20,33177773.0,33147768.0,32974480.0,32726692.0,32982504.14285714,32703808.964285713
2021-05-21,33206438.0,33177773.0,33016062.0,32774857.0,33013331.35714286,32742868.92857143
2021-05-22,33227355.0,33206438.0,33046543.0,32809821.0,33043155.214285713,32780736.39285714
2021-05-23,33241143.0,33227355.0,33064175.0,32832560.0,33072339.714285713,32817867.42857143
2021-05-24,33263301.0,33241143.0,33089706.0,32865356.0,33100764.35714286,32854243.82142857
2021-05-25,33287107.0,33263301.0,33118724.0,32900636.0,33128369.42857143,32889611.25
2021-05-26,33311458.0,33287107.0,33147768.0,32936597.0,33155145.214285713,32923854.285714287
2021-05-27,33338004.0,33311458.0,33177773.0,32974480.0,33181111.214285713,32956985.42857143
2021-05-28,33359920.0,33338004.0,33206438.0,33016062.0,33205672.5,32988837.64285714
2021-05-29,33372894.0,33359920.0,33227355.0,33046543.0,33228983.285714287,33019432.82142857
2021-05-30,33380100.0,33372894.0,33241143.0,33064175.0,33251549.35714286,33049192.64285714
2021-05-31,33386450.0,33380100.0,33263301.0,33089706.0,33272745.35714286,33077557.82142857
2021-06-01,33407543.0,33386450.0,33287107.0,33118724.0,33293375.285714287,33105150.35714286
2021-06-02,33424134.0,33407543.0,33311458.0,33147768.0,33313115.714285713,33131699.89285714
2021-06-03,33442103.0,33424134.0,33338004.0,33177773.0,33331996.42857143,33157250.285714287
2021-06-04,33459616.0,33442103.0,33359920.0,33206438.0,33350080.57142857,33181705.964285713
2021-06-05,33474773.0,33459616.0,33372894.0,33227355.0,33367753.285714287,33205454.25
2021-06-06,33480669.0,33474773.0,33380100.0,33241143.0,33384862.285714287,33228601.0
2021-06-07,33494855.0,33480669.0,33386450.0,33263301.0,33401401.85714286,33251083.10714286
2021-06-08,33507654.0,33494855.0,33407543.0,33287107.0,33417155.214285713,33272762.32142857
2021-06-09,33525855.0,33507654.0,33424134.0,33311458.0,33432469.285714287,33293807.25
2021-06-10,33540372.0,33525855.0,33442103.0,33338004.0,33446924.14285714,33314017.67857143
2021-06-11,33564876.0,33540372.0,33459616.0,33359920.0,33461563.85714286,33333618.17857143
2021-06-12,33573697.0,33564876.0,33474773.0,33372894.0,33475906.92857143,33352445.10714286
2021-06-13,33578726.0,33573697.0,33480669.0,33380100.0,33490094.5,33370821.92857143
2021-06-14,33590631.0,33578726.0,33494855.0,33386450.0,33504678.85714286,33388712.10714286
2021-06-15,33601274.0,33590631.0,33507654.0,33407543.0,33518516.785714287,33405946.035714287
2021-06-16,33613028.0,33601274.0,33525855.0,33424134.0,33532009.214285713,33422562.464285713
2021-06-17,33624550.0,33613028.0,33540372.0,33442103.0,33545041.14285714,33438518.785714287
2021-06-18,33645536.0,33624550.0,33564876.0,33459616.0,33558321.14285714,33454200.85714286
2021-06-19,33654425.0,33645536.0,33573697.0,33474773.0,33571153.428571425,33469453.35714286
2021-06-20,33659354.0,33654425.0,33578726.0,33480669.0,33583916.64285714,33484389.464285713
2021-06-21,33670082.0,33659354.0,33590631.0,33494855.0,33596432.85714286,33498917.35714286
2021-06-22,33680852.0,33670082.0,33601274.0,33507654.0,33608804.14285714,33512979.67857143
2021-06-23,33693342.0,33680852.0,33613028.0,33525855.0,33620767.5,33526618.39285714
2021-06-24,33707537.0,33693342.0,33624550.0,33540372.0,33632707.85714286,33539816.0
2021-06-25,33732046.0,33707537.0,33645536.0,33564876.0,33644648.571428575,33553106.214285713
2021-06-26,33741091.0,33732046.0,33654425.0,33573697.0,33656605.28571428,33566256.10714286
2021-06-27,33745753.0,33741091.0,33659354.0,33578726.0,33668535.78571428,33579315.14285714
2021-06-28,33759518.0,33745753.0,33670082.0,33590631.0,33680599.14285714,33592639.0
2021-06-29,33767049.0,33759518.0,33680852.0,33601274.0,33692440.21428572,33605478.5
2021-06-30,33782328.0,33767049.0,33693342.0,33613028.0,33704533.071428575,33618271.14285714
2021-07-01,33797254.0,33782328.0,33707537.0,33624550.0,33716869.071428575,33630955.10714286
2021-07-02,33826850.0,33797254.0,33732046.0,33645536.0,33729820.071428575,33644070.60714286
2021-07-03,33832136.0,33826850.0,33741091.0,33654425.0,33742513.71428572,33656833.571428575
2021-07-04,33836407.0,33832136.0,33745753.0,33659354.0,33755160.35714286,33669538.5
2021-07-05,33845572.0,33836407.0,33759518.0,33670082.0,33767695.35714286,33682064.10714286
2021-07-06,33868140.0,33845572.0,33767049.0,33680852.0,33781073.071428575,33694938.60714286
2021-07-07,33888279.0,33868140.0,33782328.0,33693342.0,33794997.14285714,33707882.321428575
2021-07-08,33909163.0,33888279.0,33797254.0,33707537.0,33809399.0,33721053.428571425
2021-07-09,33956137.0,33909163.0,33826850.0,33732046.0,33825405.5,33735027.03571428
2021-07-10,33966179.0,33956137.0,33832136.0,33741091.0,33841483.21428572,33749044.25
2021-07-11,33977947.0,33966179.0,33836407.0,33745753.0,33858068.5,33763302.14285714
2021-07-12,34007608.0,33977947.0,33845572.0,33759518.0,33875789.21428572,33778194.178571425
2021-07-13,34034113.0,34007608.0,33868140.0,33767049.0,33894865.21428572,33793652.71428572
2021-07-14,34065233.0,34034113.0,33888279.0,33782328.0,33915072.71428572,33809802.89285714
2021-07-15,34097165.0,34065233.0,33909163.0,33797254.0,33936494.928571425,33826682.0
2021-07-16,34175196.0,34097165.0,33956137.0,33826850.0,33961376.78571428,33845598.428571425
2021-07-17,34189267.0,34175196.0,33966179.0,33832136.0,33986886.14285714,33864699.928571425
2021-07-18,34209651.0,34189267.0,33977947.0,33836407.0,34013546.428571425,33884353.39285714
2021-07-19,34258864.0,34209651.0,34007608.0,33845572.0,34043067.28571428,33905381.321428575
2021-07-20,34298789.0,34258864.0,34034113.0,33868140.0,34073827.928571425,33927450.5
2021-07-21,34346643.0,34298789.0,34065233.0,33888279.0,34106568.21428572,33950782.678571425
2021-07-22,34403070.0,34346643.0,34097165.0,33909163.0,34141847.28571428,33975623.14285714
2021-07-23,34523851.0,34403070.0,34175196.0,33956137.0,34182398.28571428,34003901.89285714
2021-07-24,34553246.0,34523851.0,34189267.0,33966179.0,34224331.64285714,34032907.428571425
2021-07-25,34581900.0,34553246.0,34209651.0,33977947.0,34267471.14285714,34062769.821428575
2021-07-26,34660438.0,34581900.0,34258864.0,34007608.0,34314101.85714286,34094945.53571428
2021-07-27,34725589.0,34660438.0,34298789.0,34034113.0,34363493.0,34129179.10714286
2021-07-28,34799159.0,34725589.0,34346643.0,34065233.0,34415916.28571428,34165494.5
2021-07-29,34871515.0,34799159.0,34403070.0,34097165.0,34471227.0,34203860.96428572
2021-07-30,35062671.0,34871515.0,34523851.0,34175196.0,34534618.071428575,34247997.428571425
2021-07-31,35107407.0,35062671.0,34553246.0,34189267.0,34600199.5,34293542.821428575
2021-08-01,35152821.0,35107407.0,34581900.0,34209651.0,34667568.78571428,34340557.60714286
2021-08-02,35260295.0,35152821.0,34660438.0,34258864.0,34739099.571428575,34391083.428571425
2021-08-03,35358374.0,35260295.0,34725589.0,34298789.0,34814784.21428572,34444306.071428575
2021-08-04,35460779.0,35358374.0,34799159.0,34346643.0,34894365.35714286,34500466.78571428
2021-08-05,35570383.0,35460779.0,34871515.0,34403070.0,34977744.85714286,34559796.071428575
2021-08-06,35822342.0,35570383.0,35062671.0,34523851.0,35070494.21428572,34626446.25
2021-08-07,35886269.0,35822342.0,35107407.0,34553246.0,35165710.14285714,34695020.89285714
2021-08-08,35922003.0,35886269.0,35152821.0,34581900.0,35261431.78571428,34764451.46428572
2021-08-09,36080394.0,35922003.0,35260295.0,34660438.0,35362857.21428572,34838479.53571428
2021-08-10,36198715.0,36080394.0,35358374.0,34725589.0,35468080.5,34915786.75
2021-08-11,36353209.0,36198715.0,35460779.0,34799159.0,35579084.071428575,34997500.178571425
2021-08-12,36497055.0,36353209.0,35570383.0,34871515.0,35695194.071428575,35083210.53571428
2021-08-13,36723767.0,36497055.0,35822342.0,35062671.0,35813843.78571428,35174230.928571425
2021-08-14,36798003.0,36723767.0,35886269.0,35107407.0,35934600.64285714,35267400.071428575
2021-08-15,36845902.0,36798003.0,35922003.0,35152821.0,36055535.0,35361551.89285714
2021-08-16,37039224.0,36845902.0,36080394.0,35260295.0,36182601.35714286,35460850.46428572
2021-08-17,37190454.0,37039224.0,36198715.0,35358374.0,36313464.21428572,35564124.21428572
2021-08-18,37357714.0,37190454.0,36353209.0,35460779.0,36448959.571428575,35671662.46428572
2021-08-19,37513090.0,37357714.0,36497055.0,35570383.0,36587724.35714286,35782734.60714286
2021-08-20,37752093.0,37513090.0,36723767.0,35822342.0,36725563.71428572,35898028.96428572
2021-08-21,37845682.0,37752093.0,36798003.0,35886269.0,36865521.78571428,36015615.96428572
2021-08-22,37891098.0,37845682.0,36845902.0,35922003.0,37006171.428571425,36133801.60714286
2021-08-23,38097264.0,37891098.0,37039224.0,36080394.0,37150233.571428575,36256545.39285714
2021-08-24,38252487.0,38097264.0,37190454.0,36198715.0,37296931.571428575,36382506.03571428
2021-08-25,38431642.0,38252487.0,37357714.0,36353209.0,37445391.071428575,36512237.571428575
2021-08-26,38615433.0,38431642.0,37513090.0,36497055.0,37596703.78571428,36645948.928571425
2021-08-27,38853779.0,38615433.0,37752093.0,36723767.0,37748847.5,36781345.64285714
2021-08-28,38933864.0,38853779.0,37845682.0,36798003.0,37901409.0,36918004.821428575
2021-08-29,38987094.0,38933864.0,37891098.0,36845902.0,38054351.28571428,37054943.14285714
2021-08-30,39215012.0,38987094.0,38097264.0,37039224.0,38209764.71428572,37196183.03571428
2021-08-31,39395093.0,39215012.0,38252487.0,37190454.0,38367238.928571425,37340351.571428575
2021-09-01,39585480.0,39395093.0,38431642.0,37357714.0,38526365.071428575,37487662.321428575
2021-09-02,39764660.0,39585480.0,38615433.0,37513090.0,38687191.5,37637457.928571425
2021-09-03,39999775.0,39764660.0,38853779.0,37752093.0,38847740.21428572,37786651.96428572
2021-09-04,40087145.0,39999775.0,38933864.0,37845682.0,39007844.71428572,37936683.25
2021-09-05,40151888.0,40087145.0,38987094.0,37891098.0,39169329.71428572,38087750.571428575
2021-09-06,40241925.0,40151888.0,39215012.0,38097264.0,39322519.78571428,38236376.678571425
2021-09-07,40452009.0,40241925.0,39395093.0,38252487.0,39479628.5,38388280.03571428
2021-09-08,40629633.0,40452009.0,39585480.0,38431642.0,39636627.85714286,38541009.46428572
2021-09-09,40796340.0,40629633.0,39764660.0,38615433.0,39792406.928571425,38694555.35714286
2021-09-10,41038030.0,40796340.0,39999775.0,38853779.0,39948424.85714286,38848636.178571425
2021-09-11,41128605.0,41038030.0,40087145.0,38933864.0,40105192.071428575,39003300.53571428
2021-09-12,41178225.0,41128605.0,40151888.0,38987094.0,40261701.428571425,39158026.35714286
2021-09-13,41385908.0,41178225.0,40241925.0,39215012.0,40416765.428571425,39313265.071428575
2021-09-14,41531517.0,41385908.0,40452009.0,39395093.0,40569367.14285714,39468303.03571428
2021-09-15,41704730.0,41531517.0,40629633.0,39585480.0,40720742.14285714,39623553.60714286
2021-09-16,41863382.0,41704730.0,40796340.0,39764660.0,40870650.85714286,39778921.178571425
2021-09-17,42074012.0,41863382.0,41038030.0,39999775.0,41018810.64285714,39933275.428571425
2021-09-18,42150325.0,42074012.0,41128605.0,40087145.0,41166180.64285714,40087012.678571425
2021-09-19,42196356.0,42150325.0,41178225.0,40151888.0,41312214.071428575,40240771.89285714
2021-09-20,42365737.0,42196356.0,41385908.0,40241925.0,41463914.928571425,40393217.35714286
2021-09-21,42487616.0,42365737.0,41531517.0,40452009.0,41609315.428571425,40544471.96428572
2021-09-22,42619247.0,42487616.0,41704730.0,40629633.0,41751430.71428572,40694029.28571428
2021-09-23,42748323.0,42619247.0,41863382.0,40796340.0,41890858.071428575,40841632.5
2021-09-24,42922892.0,42748323.0,42074012.0,41038030.0,42025491.071428575,40986957.96428572
2021-09-25,42984807.0,42922892.0,42150325.0,41128605.0,42158076.928571425,41131634.5
2021-09-26,43040464.0,42984807.0,42196356.0,41178225.0,42291094.0,41276397.71428572
2021-09-27,43194365.0,43040464.0,42365737.0,41385908.0,42420269.5,41418517.46428572
2021-09-28,43307575.0,43194365.0,42487616.0,41531517.0,42547130.78571428,41558248.96428572
2021-09-29,43429455.0,43307575.0,42619247.0,41704730.0,42670325.428571425,41695533.78571428
2021-09-30,43539602.0,43429455.0,42748323.0,41863382.0,42790055.428571425,41830353.14285714
2021-10-01,43694434.0,43539602.0,42922892.0,42074012.0,42905799.85714286,41962305.25
2021-10-02,43744230.0,43694434.0,42984807.0,42150325.0,43019650.21428572,42092915.428571425
2021-10-03,43790469.0,43744230.0,43040464.0,42196356.0,43133515.428571425,42222864.75
2021-10-04,43931033.0,43790469.0,43194365.0,42365737.0,43245322.28571428,42354618.60714286
2021-10-05,44026591.0,43931033.0,43307575.0,42487616.0,43355249.071428575,42482282.25
2021-10-06,44139340.0,44026591.0,43429455.0,42619247.0,43463827.14285714,42607628.928571425
2021-10-07,44240448.0,44139340.0,43539602.0,42748323.0,43570407.5,42730632.78571428
2021-10-08,44371009.0,44240448.0,43694434.0,42922892.0,43673844.428571425,42849667.75
2021-10-09,44411389.0,44371009.0,43744230.0,42984807.0,43775743.14285714,42966910.03571428
2021-10-10,44452408.0,44411389.0,43790469.0,43040464.0,43876596.28571428,43083845.14285714
2021-10-11,44545260.0,44452408.0,43931033.0,43194365.0,43973088.78571428,43196679.14285714
2021-10-12,44656257.0,44545260.0,44026591.0,43307575.0,44069423.21428572,43308277.0
2021-10-13,44764574.0,44656257.0,44139340.0,43429455.0,44164788.85714286,43417557.14285714
2021-10-14,44850758.0,44764574.0,44240448.0,43539602.0,44258442.85714286,43524249.14285714
2021-10-15,44959510.0,44850758.0,44371009.0,43694434.0,44348805.428571425,43627302.64285714
2021-10-16,45000900.0,44959510.0,44411389.0,43744230.0,44438567.571428575,43729108.89285714
2021-10-17,45034091.0,45000900.0,44452408.0,43790469.0,44527397.71428572,43830456.571428575
2021-10-18,45130721.0,45034091.0,44545260.0,43931033.0,44613089.71428572,43929206.0
2021-10-19,45213351.0,45130721.0,44656257.0,44026591.0,44697858.28571428,44026553.678571425
2021-10-20,45305584.0,45213351.0,44764574.0,44139340.0,44781161.428571425,44122494.28571428
2021-10-21,45382916.0,45305584.0,44850758.0,44240448.0,44862766.28571428,44216586.89285714
2021-10-22,45478815.0,45382916.0,44959510.0,44371009.0,44941895.28571428,44307869.85714286
2021-10-23,45513146.0,45478815.0,45000900.0,44411389.0,45020592.21428572,44398167.678571425
2021-10-24,45534117.0,45513146.0,45034091.0,44452408.0,45097857.14285714,44487226.71428572
2021-10-25,45643590.0,45534117.0,45130721.0,44545260.0,45176309.28571428,44574699.03571428
2021-10-26,45711256.0,45643590.0,45213351.0,44656257.0,45251666.35714286,44660544.78571428
2021-10-27,45813723.0,45711256.0,45305584.0,44764574.0,45326605.571428575,44745697.21428572
2021-10-28,45888281.0,45813723.0,45382916.0,44850758.0,45400714.35714286,44829578.60714286
2021-10-29,45982999.0,45888281.0,45478815.0,44959510.0,45473820.71428572,44911313.071428575
2021-10-30,46019338.0,45982999.0,45513146.0,45000900.0,45546566.28571428,44992566.928571425
2021-10-31,46053369.0,46019338.0,45534117.0,45034091.0,45619371.85714286,45073384.78571428
2021-11-01,46163209.0,46053369.0,45643590.0,45130721.0,45693121.0,45153105.35714286
2021-11-02,46233302.0,46163209.0,45711256.0,45213351.0,45765974.64285714,45231916.46428572
2021-11-03,46320017.0,46233302.0,45813723.0,45305584.0,45838434.14285714,45309797.78571428
2021-11-04,46401249.0,46320017.0,45888281.0,45382916.0,45911172.21428572,45386969.25
2021-11-05,46498339.0,46401249.0,45982999.0,45478815.0,45983995.35714286,45462945.321428575
2021-11-06,46535633.0,46498339.0,46019338.0,45513146.0,46057030.14285714,45538811.178571425
2021-11-07,46574625.0,46535633.0,46053369.0,45534117.0,46131352.14285714,45614604.64285714
2021-11-08,46681955.0,46574625.0,46163209.0,45643590.0,46205521.071428575,45690915.178571425
2021-11-09,46761953.0,46681955.0,46233302.0,45711256.0,46280570.85714286,45766118.60714286
2021-11-10,46857087.0,46761953.0,46320017.0,45813723.0,46355096.85714286,45840851.21428572
2021-11-11,46914763.0,46857087.0,46401249.0,45888281.0,46428417.0,45914565.678571425
2021-11-12,47058884.0,46914763.0,46498339.0,45982999.0,46505265.928571425,45989543.321428575
2021-11-13,47105077.0,47058884.0,46535633.0,46019338.0,46582818.71428572,46064692.5
2021-11-14,47138979.0,47105077.0,46574625.0,46053369.0,46660362.28571428,46139867.071428575
2021-11-15,47270036.0,47138979.0,46681955.0,46163209.0,46739421.35714286,46216271.178571425
2021-11-16,47358017.0,47270036.0,46761953.0,46233302.0,46819758.14285714,46292866.39285714
2021-11-17,47470423.0,47358017.0,46857087.0,46320017.0,46901930.0,46370182.071428575
2021-11-18,47579006.0,47470423.0,46914763.0,46401249.0,46986055.5,46448613.85714286
2021-11-19,47705277.0,47579006.0,47058884.0,46498339.0,47072265.35714286,46528130.35714286
2021-11-20,47752533.0,47705277.0,47105077.0,46535633.0,47159186.78571428,46608108.46428572
2021-11-21,47794062.0,47752533.0,47138979.0,46574625.0,47246289.428571425,46688820.78571428
2021-11-22,47934958.0,47794062.0,47270036.0,46681955.0,47335789.64285714,46770655.35714286
2021-11-23,48026680.0,47934958.0,47358017.0,46761953.0,47426127.28571428,46853349.071428575
2021-11-24,48138252.0,48026680.0,47470423.0,46857087.0,47517639.071428575,46936367.96428572
2021-11-25,48175309.0,48138252.0,47579006.0,46914763.0,47607678.071428575,47018047.53571428
2021-11-26,48230002.0,48175309.0,47705277.0,47058884.0,47691329.35714286,47098297.64285714
2021-11-27,48258469.0,48230002.0,47752533.0,47105077.0,47773714.5,47178266.60714286
2021-11-28,48303592.0,48258469.0,47794062.0,47138979.0,47856901.14285714,47258631.71428572
2021-11-29,48488745.0,48303592.0,47934958.0,47270036.0,47943951.78571428,47341686.571428575
2021-11-30,48606350.0,48488745.0,48026680.0,47358017.0,48033118.428571425,47426438.28571428
2021-12-01,48743353.0,48606350.0,48138252.0,47470423.0,48124042.0,47512986.0
2021-12-02,48881266.0,48743353.0,48175309.0,47579006.0,48217060.571428575,47601558.03571428
2021-12-03,49039264.0,48881266.0,48230002.0,47705277.0,48312345.35714286,47692305.35714286
2021-12-04,49107072.0,49039264.0,48258469.0,47752533.0,48409098.14285714,47784142.46428572
2021-12-05,49163634.0,49107072.0,48303592.0,47794062.0,48506924.71428572,47876607.071428575
2021-12-06,49338553.0,49163634.0,48488745.0,47934958.0,48607181.5,47971485.571428575
2021-12-07,49451022.0,49338553.0,48606350.0,48026680.0,48708920.21428572,48067523.75
2021-12-08,49600401.0,49451022.0,48743353.0,48138252.0,48813359.428571425,48165499.25
2021-12-09,49724336.0,49600401.0,48881266.0,48175309.0,48924004.21428572,48265841.14285714
2021-12-10,49881752.0,49724336.0,49039264.0,48230002.0,49041986.35714286,48366657.85714286
2021-12-11,49939494.0,49881752.0,49107072.0,48258469.0,49162059.571428575,48467887.03571428
2021-12-12,49992891.0,49939494.0,49163634.0,48303592.0,49282723.78571428,48569812.46428572
2021-12-13,50176145.0,49992891.0,49338553.0,48488745.0,49403252.35714286,48673602.071428575
2021-12-14,50289495.0,50176145.0,49451022.0,48606350.0,49523477.0,48778297.71428572
2021-12-15,50435110.0,50289495.0,49600401.0,48743353.0,49644316.78571428,48884179.39285714
2021-12-16,50577301.0,50435110.0,49724336.0,48881266.0,49765462.14285714,48991261.35714286
2021-12-17,50769810.0,50577301.0,49881752.0,49039264.0,49889072.571428575,49100708.96428572
2021-12-18,50851492.0,50769810.0,49939494.0,49107072.0,50013674.0,49211386.071428575
2021-12-19,50942411.0,50851492.0,49992891.0,49163634.0,50140729.5,49323827.10714286
2021-12-20,51183574.0,50942411.0,50176145.0,49338553.0,50272516.71428572,49439849.10714286
2021-12-21,51365848.0,51183574.0,50289495.0,49451022.0,50409290.0,49559105.10714286
2021-12-22,51613702.0,51365848.0,50435110.0,49600401.0,50553097.21428572,49683228.321428575
2021-12-23,51888091.0,51613702.0,50577301.0,49724336.0,50707651.14285714,49815827.678571425
2021-12-24,52136359.0,51888091.0,50769810.0,49881752.0,50868694.5,49955340.428571425
2021-12-25,52224674.0,52136359.0,50851492.0,49939494.0,51031921.64285714,50096990.60714286
2021-12-26,52408195.0,52224674.0,50942411.0,49992891.0,51204443.35714286,50243583.571428575
2021-12-27,52914266.0,52408195.0,51183574.0,50176145.0,51400023.428571425,50401637.89285714
2021-12-28,53286726.0,52914266.0,51365848.0,50289495.0,51614111.35714286,50568794.178571425
2021-12-29,53797747.0,53286726.0,51613702.0,50435110.0,51854299.71428572,50749308.25
2021-12-30,54395695.0,53797747.0,51888091.0,50577301.0,52127042.14285714,50946252.14285714
2021-12-31,54907738.0,54395695.0,52136359.0,50769810.0,52422608.428571425,51155840.5
2022-01-01,55099969.0,54907738.0,52224674.0,50851492.0,52726071.071428575,51369872.53571428
2022-01-02,55396212.0,55099969.0,52408195.0,50942411.0,53044199.71428572,51592464.60714286
2022-01-03,56438999.0,55396212.0,52914266.0,51183574.0,53419587.21428572,51846051.96428572
2022-01-04,57267809.0,56438999.0,53286726.0,51365848.0,53841155.85714286,52125222.928571425
2022-01-05,57943588.0,57267809.0,53797747.0,51613702.0,54293290.571428575,52423193.89285714
2022-01-06,58788193.0,57943588.0,54395695.0,51888091.0,54786155.0,52746903.071428575
2022-01-07,59667187.0,58788193.0,54907738.0,52136359.0,55324071.28571428,53096382.89285714
2022-01-08,60075862.0,59667187.0,55099969.0,52224674.0,55884870.428571425,53458396.03571428
2022-01-09,60569276.0,60075862.0,55396212.0,52408195.0,56467804.78571428,53836124.071428575
2022-01-10,61923784.0,60569276.0,56438999.0,52914266.0,57111341.78571428,54255682.60714286
2022-01-11,62710005.0,61923784.0,57267809.0,53286726.0,57784433.14285714,54699272.25
2022-01-12,63563873.0,62710005.0,57943588.0,53797747.0,58482013.571428575,55168156.64285714
2022-01-13,64429169.0,63563873.0,58788193.0,54395695.0,59198690.28571428,55662866.21428572
2022-01-14,65308319.0,64429169.0,59667187.0,54907738.0,59941588.928571425,56182098.678571425
2022-01-15,65724621.0,65308319.0,60075862.0,55099969.0,60700492.64285714,56713281.85714286
2022-01-16,66210719.0,65724621.0,60569276.0,55396212.0,61472957.428571425,57258578.571428575
2022-01-17,66870965.0,66210719.0,61923784.0,56438999.0,62218097.85714286,57818842.53571428
2022-01-18,68003833.0,66870965.0,62710005.0,57267809.0,62984956.71428572,58413056.28571428
2022-01-19,68913678.0,68003833.0,63563873.0,57943588.0,63768534.571428575,59030912.571428575
2022-01-20,69644560.0,68913678.0,64429169.0,58788193.0,64543989.35714286,59665072.178571425
2022-01-21,70450301.0,69644560.0,65308319.0,59667187.0,65314211.78571428,60319141.53571428
2022-01-22,70760261.0,70450301.0,65724621.0,60075862.0,66077383.14285714,60981126.78571428
2022-01-23,71131181.0,70760261.0,66210719.0,60569276.0,66831804.928571425,61649804.85714286
2022-01-24,72039933.0,71131181.0,66870965.0,61923784.0,67554387.0,62332864.39285714
2022-01-25,72532192.0,72039933.0,68003833.0,62710005.0,68255971.78571428,63020202.46428572
2022-01-26,73209293.0,72532192.0,68913678.0,63563873.0,68944930.35714285,63713471.96428572
2022-01-27,73712581.0,73209293.0,69644560.0,64429169.0,69608031.21428572,64403360.75
2022-01-28,74325227.0,73712581.0,70450301.0,65308319.0,70252096.07142857,65096842.5
2022-01-29,74507900.0,74325227.0,70760261.0,65724621.0,70879473.14285715,65789982.89285714
2022-01-30,74708911.0,74507900.0,71131181.0,66210719.0,71486486.85714285,66479722.14285714
2022-01-31,75244223.0,74708911.0,72039933.0,66870965.0,72084576.71428572,67151337.28571428
2022-02-01,75570659.0,75244223.0,72532192.0,68003833.0,72625064.28571428,67805010.5
2022-02-02,75897756.0,75570659.0,73209293.0,68913678.0,73123927.0,68446230.78571428
2022-02-03,76171380.0,75897756.0,73712581.0,69644560.0,73590128.42857143,69067058.89285715
2022-02-04,76526119.0,76171380.0,74325227.0,70450301.0,74024115.42857143,69669163.60714285
2022-02-05,76614539.0,76526119.0,74507900.0,70760261.0,74442278.14285715,70259830.64285715
2022-02-06,76699561.0,76614539.0,74708911.0,71131181.0,74840019.57142857,70835912.25
2022-02-07,77042151.0,76699561.0,75244223.0,72039933.0,75197320.85714285,71375853.92857143
2022-02-08,77255967.0,77042151.0,75570659.0,72532192.0,75534733.35714285,71895352.57142857
2022-02-09,77443119.0,77255967.0,75897756.0,73209293.0,75837149.5,72391039.92857143
2022-02-10,77613484.0,77443119.0,76171380.0,73712581.0,76115785.42857143,72861908.32142857
2022-02-11,77821654.0,77613484.0,76526119.0,74325227.0,76365530.21428572,73308813.14285715
2022-02-12,77874448.0,77821654.0,76614539.0,74507900.0,76605997.92857143,73742735.53571428
2022-02-13,77933644.0,77874448.0,76699561.0,74708911.0,76836336.0,74161411.42857143
2022-02-14,78100844.0,77933644.0,77042151.0,75244223.0,77040380.35714285,74562478.53571428
2022-02-15,78211227.0,78100844.0,77255967.0,75570659.0,77228992.35714285,74927028.32142857
2022-02-16,78325034.0,78211227.0,77443119.0,75897756.0,77402369.35714285,75263148.17857143
2022-02-17,78426302.0,78325034.0,77613484.0,76171380.0,77563435.21428572,75576781.82142857
2022-02-18,78570189.0,78426302.0,77821654.0,76526119.0,77709440.21428572,75866777.82142857
2022-02-19,78602347.0,78570189.0,77874448.0,76614539.0,77851426.5,76146852.32142857
2022-02-20,78625889.0,78602347.0,77933644.0,76699561.0,77989021.35714285,76414520.46428572
2022-02-21,78705534.0,78625889.0,78100844.0,77042151.0,78107834.42857143,76652577.64285715
2022-02-22,78794717.0,78705534.0,78211227.0,77255967.0,78217745.14285715,76876239.25
2022-02-23,78878763.0,78794717.0,78325034.0,77443119.0,78320291.14285715,77078720.32142857
2022-02-24,78945291.0,78878763.0,78426302.0,77613484.0,78415420.21428572,77265602.82142857
2022-02-25,79018933.0,78945291.0,78570189.0,77821654.0,78500940.14285715,77433235.17857143
2022-02-26,79066775.0,79018933.0,78602347.0,77874448.0,78586106.35714285,77596052.14285715
2022-02-27,79085308.0,79066775.0,78625889.0,77933644.0,78668368.07142857,77752352.03571428
2022-02-28,79182072.0,79085308.0,78705534.0,78100844.0,78745598.64285715,77892989.5
2022-03-01,79228526.0,79182072.0,78794717.0,78211227.0,78818262.85714285,78023627.60714285
2022-03-02,79281550.0,79228526.0,78878763.0,78325034.0,78886585.42857143,78144477.39285715
2022-03-03,79330037.0,79281550.0,78945291.0,78426302.0,78951137.92857143,78257286.57142857
2022-03-04,79388536.0,79330037.0,79018933.0,78570189.0,79009591.28571428,78359515.75
2022-03-05,79403803.0,79388536.0,79066775.0,78602347.0,79066838.14285715,78459132.32142857
2022-03-06,79416427.0,79403803.0,79085308.0,78625889.0,79123305.14285715,78556163.25
2022-03-07,79469905.0,79416427.0,79182072.0,78705534.0,79177903.07142857,78642868.75
2022-03-08,79499241.0,79469905.0,79228526.0,78794717.0,79228226.21428572,78722985.67857143
2022-03-09,79536136.0,79499241.0,79281550.0,78878763.0,79275181.42857143,78797736.28571428
2022-03-10,79581803.0,79536136.0,79330037.0,78945291.0,79320646.57142857,78868033.39285715
2022-03-11,79630563.0,79581803.0,79388536.0,79018933.0,79364334.42857143,78932637.28571428
2022-03-12,79641081.0,79630563.0,79403803.0,79066775.0,79405356.28571428,78995731.32142857
2022-03-13,79652389.0,79641081.0,79416427.0,79085308.0,79445862.07142857,79057115.07142857
2022-03-14,79686659.0,79652389.0,79469905.0,79182072.0,79481904.0,79113751.32142857
2022-03-15,79710172.0,79686659.0,79499241.0,79228526.0,79516307.28571428,79167285.07142857
2022-03-16,79761407.0,79710172.0,79536136.0,79281550.0,79550582.78571428,79218584.10714285
2022-03-17,79813432.0,79761407.0,79581803.0,79330037.0,79585111.0,79268124.46428572
2022-03-18,79845064.0,79813432.0,79630563.0,79388536.0,79617720.14285715,79313655.71428572
2022-03-19,79856186.0,79845064.0,79641081.0,79403803.0,79650033.21428572,79358435.67857143
2022-03-20,79867851.0,79856186.0,79652389.0,79416427.0,79682277.78571428,79402791.46428572
2022-03-21,79908896.0,79867851.0,79686659.0,79469905.0,79713634.28571428,79445768.67857143
2022-03-22,79930125.0,79908896.0,79710172.0,79499241.0,79744411.71428572,79486318.96428572
2022-03-23,79970024.0,79930125.0,79761407.0,79536136.0,79775403.71428572,79525292.57142857
2022-03-24,80012075.0,79970024.0,79813432.0,79581803.0,79806137.42857143,79563392.0
2022-03-25,80056490.0,80012075.0,79845064.0,79630563.0,79836560.78571428,79600447.60714285
2022-03-26,80066185.0,80056490.0,79856186.0,79641081.0,79866925.35714285,79636140.82142857
2022-03-27,80078221.0,80066185.0,79867851.0,79652389.0,79897341.92857143,79671602.0
2022-03-28,80115933.0,80078221.0,79908896.0,79686659.0,79928004.35714285,79704954.17857143
2022-03-29,80138992.0,80115933.0,79930125.0,79710172.0,79958634.35714285,79737470.82142857
2022-03-30,80177109.0,80138992.0,79970024.0,79761407.0,79988327.35714285,79769455.07142857
2022-03-31,80221659.0,80177109.0,80012075.0,79813432.0,80017486.42857143,79801298.71428572
2022-04-01,80252822.0,80221659.0,80056490.0,79845064.0,80046612.0,79832166.07142857
2022-04-02,80264902.0,80252822.0,80066185.0,79856186.0,80075806.0,79862919.60714285
2022-04-03,80269916.0,80264902.0,80078221.0,79867851.0,80104524.92857143,79893401.35714285
2022-04-04,80308034.0,80269916.0,80115933.0,79908896.0,80133034.78571428,79923334.53571428
2022-04-05,80333004.0,80308034.0,80138992.0,79930125.0,80161811.85714285,79953111.78571428
2022-04-06,80372934.0,80333004.0,80177109.0,79970024.0,80190591.14285715,79982997.42857143
2022-04-07,80422607.0,80372934.0,80221659.0,80012075.0,80219914.85714285,80013026.14285715
2022-04-08,80495785.0,80422607.0,80252822.0,80056490.0,80251293.07142857,80043926.92857143
2022-04-09,80508841.0,80495785.0,80264902.0,80066185.0,80282911.35714285,80074918.35714285
2022-04-10,80518648.0,80508841.0,80269916.0,80078221.0,80314370.42857143,80105856.17857143
2022-04-11,80556762.0,80518648.0,80308034.0,80115933.0,80345858.21428572,80136931.28571428
2022-04-12,80591984.0,80556762.0,80333004.0,80138992.0,80378214.78571428,80168424.57142857
2022-04-13,80642046.0,80591984.0,80372934.0,80177109.0,80411424.57142857,80199875.96428572
2022-04-14,80695905.0,80642046.0,80422607.0,80221659.0,80445299.28571428,80231392.85714285
2022-04-15,80730374.0,80695905.0,80495785.0,80252822.0,80479410.14285715,80263011.07142857
2022-04-16,80743193.0,80730374.0,80508841.0,80264902.0,80513573.78571428,80294689.89285715
2022-04-17,80751116.0,80743193.0,80518648.0,80269916.0,80547945.21428572,80326235.07142857
2022-04-18,80810667.0,80751116.0,80556762.0,80308034.0,80583847.57142857,80358441.17857143
2022-04-19,80849167.0,80810667.0,80591984.0,80333004.0,80620716.35714285,80391264.10714285
2022-04-20,80916941.0,80849167.0,80642046.0,80372934.0,80659574.0,80425082.57142857
2022-04-21,80977423.0,80916941.0,80695905.0,80422607.0,80699203.71428572,80459559.28571428
2022-04-22,81065998.0,80977423.0,80730374.0,80495785.0,80739933.21428572,80495613.14285715
2022-04-23,81086701.0,81065998.0,80743193.0,80508841.0,80781208.92857143,80532060.14285715
2022-04-24,81100684.0,81086701.0,80751116.0,80518648.0,80822782.92857143,80568576.67857143
2022-04-25,81168488.0,81100684.0,80810667.0,80556762.0,80866477.64285715,80606167.92857143
2022-04-26,81213378.0,81168488.0,80849167.0,80591984.0,80910862.92857143,80644538.85714285
2022-04-27,81303190.0,81213378.0,80916941.0,80642046.0,80958087.5,80684756.03571428
2022-04-28,81380164.0,81303190.0,80977423.0,80695905.0,81006963.14285715,80726131.21428572
2022-04-29,81441418.0,81380164.0,81065998.0,80730374.0,81057752.0,80768581.07142857
2022-04-30,81466515.0,81441418.0,81086701.0,80743193.0,81109417.85714285,80811495.82142857
2022-05-01,81483878.0,81466515.0,81100684.0,80751116.0,81161758.0,80854851.60714285
2022-05-02,81577751.0,81483878.0,81168488.0,80810667.0,81216549.71428572,80900198.64285715
2022-05-03,81627417.0,81577751.0,81213378.0,80849167.0,81272139.0,80946427.67857143
2022-05-04,81739767.0,81627417.0,81303190.0,80916941.0,81330912.28571428,80995243.14285715
2022-05-05,81827980.0,81739767.0,81380164.0,80977423.0,81391666.35714285,81045435.03571428
2022-05-06,81957032.0,81827980.0,81441418.0,81065998.0,81455311.64285715,81097622.42857143
2022-05-07,81986083.0,81957032.0,81466515.0,81086701.0,81519553.21428572,81150381.07142857
2022-05-08,81992696.0,81986083.0,81483878.0,81100684.0,81583268.35714285,81203025.64285715
2022-05-09,82121875.0,81992696.0,81577751.0,81168488.0,81651367.42857143,81258922.53571428
2022-05-10,82192395.0,82121875.0,81627417.0,81213378.0,81721297.21428572,81316080.07142857
2022-05-11,82353418.0,82192395.0,81739767.0,81303190.0,81796313.5,81377200.5
2022-05-12,82458758.0,82353418.0,81827980.0,81380164.0,81873355.92857143,81440159.53571428
2022-05-13,82546019.0,82458758.0,81957032.0,81441418.0,81952256.0,81505004.0
2022-05-14,82564507.0,82546019.0,81986083.0,81466515.0,82030684.0,81570050.92857143
2022-05-15,82597636.0,82564507.0,81992696.0,81483878.0,82110238.14285715,81635998.07142857
2022-05-16,82774560.0,82597636.0,82121875.0,81577751.0,82195724.5,81706137.10714285
2022-05-17,82859886.0,82774560.0,82192395.0,81627417.0,82283758.0,81777948.5
2022-05-18,83063720.0,82859886.0,82353418.0,81739767.0,82378326.07142857,81854619.17857143
2022-05-19,83199269.0,83063720.0,82458758.0,81827980.0,82476275.28571428,81933970.82142857
2022-05-20,83348050.0,83199269.0,82546019.0,81957032.0,82575633.71428572,82015472.67857143
2022-05-21,83376204.0,83348050.0,82564507.0,81986083.0,82674928.07142857,82097240.64285715
2022-05-22,83397052.0,83376204.0,82597636.0,81992696.0,82775239.21428572,82179253.78571428
2022-05-23,83538581.0,83397052.0,82774560.0,82121875.0,82876432.5,82263899.96428572
2022-05-24,83622443.0,83538581.0,82859886.0,82192395.0,82978578.78571428,82349938.0
2022-05-25,83833181.0,83622443.0,83063720.0,82353418.0,83084276.14285715,82440294.82142857
2022-05-26,83968711.0,83833181.0,83199269.0,82458758.0,83192129.92857143,82532742.92857143
2022-05-27,84076542.0,83968711.0,83348050.0,82546019.0,83301453.0,82626854.5
2022-05-28,84090814.0,84076542.0,83376204.0,82564507.0,83410474.92857143,82720579.46428572
2022-05-29,84097941.0,84090814.0,83397052.0,82597636.0,83517639.57142857,82813938.85714285
2022-05-30,84160453.0,84097941.0,83538581.0,82774560.0,83616631.92857143,82906178.21428572
2022-05-31,84327623.0,84160453.0,83622443.0,82859886.0,83721470.28571428,83002614.14285715
2022-06-01,84556346.0,84327623.0,83833181.0,83063720.0,83828086.42857143,83103206.25
2022-06-02,84678666.0,84556346.0,83968711.0,83199269.0,83933757.64285715,83205016.46428572
2022-06-03,84835652.0,84678666.0,84076542.0,83348050.0,84040014.92857143,83307824.32142857
2022-06-04,84863797.0,84835652.0,84090814.0,83376204.0,84146271.57142857,83410599.82142857
2022-06-05,84880180.0,84863797.0,84097941.0,83397052.0,84252209.28571428,83513724.25
2022-06-06,85040000.0,84880180.0,84160453.0,83538581.0,84359453.5,83617943.0
2022-06-07,85126635.0,85040000.0,84327623.0,83622443.0,84466895.78571428,83722737.28571428
2022-06-08,85325235.0,85126635.0,84556346.0,83833181.0,84573471.07142857,83828873.60714285
2022-06-09,85457174.0,85325235.0,84678666.0,83968711.0,84679789.85714285,83935959.89285715
2022-06-10,85563335.0,85457174.0,84835652.0,84076542.0,84785989.35714285,84043721.17857143
2022-06-11,85598730.0,85563335.0,84863797.0,84090814.0,84893697.64285715,84152086.28571428
2022-06-12,85616604.0,85598730.0,84880180.0,84097941.0,85002173.57142857,84259906.57142857
2022-06-13,85768172.0,85616604.0,85040000.0,84160453.0,85117010.64285715,84366821.28571428
2022-06-14,85858349.0,85768172.0,85126635.0,84327623.0,85226348.21428572,84473909.25
2022-06-15,86043237.0,85858349.0,85325235.0,84556346.0,85332554.71428572,84580320.57142857
2022-06-16,86173269.0,86043237.0,85457174.0,84678666.0,85439312.07142857,84686534.85714285
2022-06-17,86312081.0,86173269.0,85563335.0,84835652.0,85544771.28571428,84792393.10714285
2022-06-18,86329874.0,86312081.0,85598730.0,84863797.0,85649491.07142857,84897881.32142857
2022-06-19,86348026.0,86329874.0,85616604.0,84880180.0,85754337.21428572,85003273.25
2022-06-20,86444069.0,86348026.0,85768172.0,85040000.0,85854627.85714285,85107040.67857143
2022-06-21,86555254.0,86444069.0,85858349.0,85126635.0,85956672.07142857,85211783.92857143
2022-06-22,86740614.0,86555254.0,86043237.0,85325235.0,86057770.57142857,85315620.82142857
2022-06-23,86879321.0,86740614.0,86173269.0,85457174.0,86159352.5,85419571.17857143
2022-06-24,86996527.0,86879321.0,86312081.0,85563335.0,86261723.35714285,85523856.35714285
2022-06-25,87037642.0,86996527.0,86329874.0,85598730.0,86364502.78571428,85629100.21428572
2022-06-26,87060105.0,87037642.0,86348026.0,85616604.0,86467610.0,85734891.78571428
2022-06-27,87220041.0,87060105.0,86444069.0,85768172.0,86571314.92857143,85844162.78571428
2022-06-28,87317851.0,87220041.0,86555254.0,85858349.0,86675565.07142857,85950956.64285715
2022-06-29,87507744.0,87317851.0,86740614.0,86043237.0,86780172.71428572,86056363.71428572
2022-06-30,87675497.0,87507744.0,86879321.0,86173269.0,86887474.71428572,86163393.39285715
2022-07-01,87832335.0,87675497.0,86996527.0,86312081.0,86996064.28571428,86270417.78571428
2022-07-02,87852914.0,87832335.0,87037642.0,86329874.0,87104852.85714285,86377171.96428572
2022-07-03,87861573.0,87852914.0,87060105.0,86348026.0,87212963.35714285,86483650.28571428
2022-07-04,87938030.0,87861573.0,87220041.0,86444069.0,87319674.85714285,86587151.35714285
2022-07-05,88079445.0,87938030.0,87317851.0,86555254.0,87428545.64285715,86692608.85714285
2022-07-06,88279848.0,88079445.0,87507744.0,86740614.0,87538490.92857143,86798130.75
2022-07-07,88418909.0,88279848.0,87675497.0,86879321.0,87648461.5,86903907.0
2022-07-08,88556616.0,88418909.0,87832335.0,86996527.0,87759896.42857143,87010809.89285715
2022-07-09,88585917.0,88556616.0,87852914.0,87037642.0,87870487.5,87117495.14285715
2022-07-10,88610685.0,88585917.0,87861573.0,87060105.0,87981243.21428572,87224426.60714285
2022-07-11,88811559.0,88610685.0,87938030.0,87220041.0,88094923.07142857,87333119.0
2022-07-12,88959760.0,88811559.0,88079445.0,87317851.0,88212202.28571428,87443883.67857143
2022-07-13,89164076.0,88959760.0,88279848.0,87507744.0,88330511.71428572,87555342.21428572
2022-07-14,89339527.0,89164076.0,88418909.0,87675497.0,88449371.0,87668422.85714285
2022-07-15,89492720.0,89339527.0,88556616.0,87832335.0,88567969.92857143,87782017.10714285
2022-07-16,89532172.0,89492720.0,88585917.0,87852914.0,88687916.92857143,87896384.89285715
2022-07-17,89562008.0,89532172.0,88610685.0,87861573.0,88809376.57142857,88011169.96428572
2022-07-18,89726854.0,89562008.0,88811559.0,87938030.0,88937149.71428572,88128412.28571428
2022-07-19,89844049.0,89726854.0,88959760.0,88079445.0,89063192.85714285,88245869.25
2022-07-20,90060452.0,89844049.0,89164076.0,88279848.0,89190378.85714285,88364434.89285715
2022-07-21,90236212.0,90060452.0,89339527.0,88418909.0,89320186.21428572,88484323.85714285
2022-07-22,90367616.0,90236212.0,89492720.0,88556616.0,89449543.35714285,88604719.89285715
2022-07-23,90394217.0,90367616.0,89532172.0,88585917.0,89578707.64285715,88724597.57142857
2022-07-24,90417708.0,90394217.0,89562008.0,88610685.0,89707780.71428572,88844511.96428572
2022-07-25,90607567.0,90417708.0,89726854.0,88811559.0,89836067.0,88965495.03571428
2022-07-26,90739662.0,90607567.0,89844049.0,88959760.0,89963202.85714285,89087702.57142857
2022-07-27,90979439.0,90739662.0,90060452.0,89164076.0,90092871.64285715,89211691.67857143
2022-07-28,91156816.0,90979439.0,90236212.0,89339527.0,90222678.0,89336024.5
2022-07-29,91316052.0,91156816.0,90367616.0,89492720.0,90352916.0,89460442.96428572
2022-07-30,91332279.0,91316052.0,90394217.0,89532172.0,90481495.07142857,89584706.0
2022-07-31,91345500.0,91332279.0,90417708.0,89562008.0,90608887.35714285,89709131.96428572
2022-08-01,91515311.0,91345500.0,90607567.0,89726854.0,90736634.28571428,89836892.0
2022-08-02,91606246.0,91515311.0,90739662.0,89844049.0,90862505.5,89962849.17857143
2022-08-03,91806645.0,91606246.0,90979439.0,90060452.0,90987233.57142857,90088806.21428572
2022-08-04,91993968.0,91806645.0,91156816.0,90236212.0,91112787.57142857,90216486.89285715
2022-08-05,92100085.0,91993968.0,91316052.0,90367616.0,91236535.35714285,90343039.35714285
2022-08-06,92115225.0,92100085.0,91332279.0,90394217.0,91359464.5,90469086.07142857
2022-08-07,92127962.0,92115225.0,91345500.0,90417708.0,91481625.5,90594703.10714285
2022-08-08,92283156.0,92127962.0,91515311.0,90607567.0,91601310.42857143,90718688.71428572
2022-08-09,92382916.0,92283156.0,91606246.0,90739662.0,91718685.71428572,90840944.28571428
2022-08-10,92579399.0,92382916.0,91806645.0,90979439.0,91832968.57142857,90962920.10714285
2022-08-11,92742377.0,92579399.0,91993968.0,91156816.0,91946222.92857143,91084450.46428572
2022-08-12,92839032.0,92742377.0,92100085.0,91316052.0,92055007.21428572,91203961.60714285
2022-08-13,92922848.0,92839032.0,92115225.0,91332279.0,92168619.28571428,91325057.17857143
2022-08-14,92932669.0,92922848.0,92127962.0,91345500.0,92281988.5,91445437.92857143
2022-08-15,93055367.0,92932669.0,92283156.0,91515311.0,92391992.5,91564313.39285715
2022-08-16,93147144.0,93055367.0,92382916.0,91606246.0,92502056.64285715,91682281.07142857
2022-08-17,93284016.0,93147144.0,92579399.0,91806645.0,92607583.14285715,91797408.35714285
2022-08-18,93433144.0,93284016.0,92742377.0,91993968.0,92710381.42857143,91911584.5
2022-08-19,93510693.0,93433144.0,92839032.0,92100085.0,92811139.14285715,92023837.25
2022-08-20,93521907.0,93510693.0,92922848.0,92115225.0,92911616.42857143,92135540.46428572
2022-08-21,93531782.0,93521907.0,92932669.0,92127962.0,93011889.28571428,92246757.39285715
2022-08-22,93660731.0,93531782.0,93055367.0,92283156.0,93110287.5,92355798.96428572
2022-08-23,93760016.0,93660731.0,93147144.0,92382916.0,93208651.78571428,92463668.75
2022-08-24,93911704.0,93760016.0,93284016.0,92579399.0,93303816.42857143,92568392.5
2022-08-25,94051364.0,93911704.0,93433144.0,92742377.0,93397315.5,92671769.21428572
2022-08-26,94172441.0,94051364.0,93510693.0,92839032.0,93492559.0,92773783.10714285
2022-08-27,94184363.0,94172441.0,93521907.0,92922848.0,93582667.21428572,92875643.25
2022-08-28,94192955.0,94184363.0,93531782.0,92932669.0,93672687.64285715,92977338.07142857
2022-08-29,94299131.0,94192955.0,93660731.0,93055367.0,93761527.92857143,93076760.21428572
2022-08-30,94374765.0,94299131.0,93760016.0,93147144.0,93849215.14285715,93175635.89285715
2022-08-31,94528939.0,94374765.0,93911704.0,93284016.0,93938138.21428572,93272860.67857143
2022-09-01,94659168.0,94528939.0,94051364.0,93433144.0,94025711.35714285,93368046.39285715
2022-09-02,94723808.0,94659168.0,94172441.0,93510693.0,94112362.42857143,93461750.78571428
2022-09-03,94735296.0,94723808.0,94184363.0,93521907.0,94199033.07142857,93555324.75
2022-09-04,94742779.0,94735296.0,94192955.0,93531782.0,94285532.85714285,93648711.07142857
2022-09-05,94776454.0,94742779.0,94299131.0,93660731.0,94365227.35714285,93737757.42857143
2022-09-06,94888901.0,94776454.0,94374765.0,93760016.0,94445862.0,93827256.89285715
2022-09-07,95012873.0,94888901.0,94528939.0,93911704.0,94524516.92857143,93914166.67857143
2022-09-08,95120095.0,95012873.0,94659168.0,94051364.0,94600854.85714285,93999085.17857143
2022-09-09,95220855.0,95120095.0,94723808.0,94172441.0,94675741.57142857,94084150.28571428
2022-09-10,95231015.0,95220855.0,94735296.0,94184363.0,94750502.42857143,94166584.82142857
2022-09-11,95240059.0,95231015.0,94742779.0,94192955.0,94825295.57142857,94248991.60714285
2022-09-12,95309449.0,95240059.0,94776454.0,94299131.0,94897461.14285715,94329494.53571428
2022-09-13,95389122.0,95309449.0,94888901.0,94374765.0,94969915.21428572,94409565.17857143
2022-09-14,95492323.0,95389122.0,95012873.0,94528939.0,95038728.35714285,94488433.28571428
2022-09-15,95575960.0,95492323.0,95120095.0,94659168.0,95104213.5,94564962.42857143
2022-09-16,95632196.0,95575960.0,95220855.0,94723808.0,95169098.35714285,94640730.39285715
2022-09-17,95640767.0,95632196.0,95231015.0,94735296.0,95233774.85714285,94716403.96428572
2022-09-18,95646258.0,95640767.0,95240059.0,94742779.0,95298309.07142857,94791920.96428572
2022-09-19,95701949.0,95646258.0,95309449.0,94776454.0,95364415.85714285,94864821.60714285
2022-09-20,95771211.0,95701949.0,95389122.0,94888901.0,95427438.0,94936650.0
2022-09-21,95869575.0,95771211.0,95492323.0,95012873.0,95488631.0,95006573.96428572
2022-09-22,95950646.0,95869575.0,95575960.0,95120095.0,95547956.07142857,95074405.46428572
2022-09-23,96033930.0,95950646.0,95632196.0,95220855.0,95606032.85714285,95140887.21428572
2022-09-24,96043688.0,96033930.0,95640767.0,95231015.0,95664080.92857143,95207291.67857143
2022-09-25,96050433.0,96043688.0,95646258.0,95240059.0,95721964.78571428,95273630.17857143
2022-09-26,96095985.0,96050433.0,95701949.0,95309449.0,95778145.92857143,95337803.53571428
2022-09-27,96157033.0,96095985.0,95771211.0,95389122.0,95832996.71428572,95401455.96428572
2022-09-28,96243578.0,96157033.0,95869575.0,95492323.0,95886657.78571428,95462693.07142857
2022-09-29,96328114.0,96243578.0,95950646.0,95575960.0,95940383.07142857,95522298.28571428
2022-09-30,96361678.0,96328114.0,96033930.0,95632196.0,95992488.92857143,95580793.64285715
2022-10-01,96369724.0,96361678.0,96043688.0,95640767.0,96044557.28571428,95639166.07142857
2022-10-02,96375608.0,96369724.0,96050433.0,95646258.0,96096653.71428572,95697481.39285715
2022-10-03,96417095.0,96375608.0,96095985.0,95701949.0,96147735.57142857,95756075.71428572
2022-10-04,96472453.0,96417095.0,96157033.0,95771211.0,96197824.28571428,95812631.14285715
2022-10-05,96543831.0,96472453.0,96243578.0,95869575.0,96245985.42857143,95867308.21428572
2022-10-06,96604796.0,96543831.0,96328114.0,95950646.0,96292710.42857143,95920333.25
2022-10-07,96663130.0,96604796.0,96361678.0,96033930.0,96337653.28571428,95971843.07142857
2022-10-08,96670971.0,96663130.0,96369724.0,96043688.0,96382459.21428572,96023270.07142857
2022-10-09,96676610.0,96670971.0,96375608.0,96050433.0,96427186.14285715,96074575.46428572
2022-10-10,96699681.0,96676610.0,96417095.0,96095985.0,96470307.28571428,96124226.60714285
2022-10-11,96760525.0,96699681.0,96472453.0,96157033.0,96513413.85714285,96173205.28571428
2022-10-12,96825225.0,96760525.0,96543831.0,96243578.0,96554960.07142857,96220808.92857143
2022-10-13,96888844.0,96825225.0,96604796.0,96328114.0,96595012.21428572,96267697.64285715
2022-10-14,96915918.0,96888844.0,96663130.0,96361678.0,96634600.78571428,96313544.85714285
2022-10-15,96922004.0,96915918.0,96670971.0,96369724.0,96674049.35714285,96359303.32142857
2022-10-16,96928820.0,96922004.0,96676610.0,96375608.0,96713564.5,96405109.10714285
2022-10-17,96967772.0,96928820.0,96699681.0,96417095.0,96752898.57142857,96450317.07142857
2022-10-18,97011435.0,96967772.0,96760525.0,96472453.0,96791397.28571428,96494610.78571428
2022-10-19,97072134.0,97011435.0,96825225.0,96543831.0,96829133.21428572,96537559.32142857
2022-10-20,97129565.0,97072134.0,96888844.0,96604796.0,96866616.71428572,96579663.57142857
2022-10-21,97175689.0,97129565.0,96915918.0,96663130.0,96903228.07142857,96620440.67857143
2022-10-22,97181178.0,97175689.0,96922004.0,96670971.0,96939671.42857143,96661065.32142857
2022-10-23,97189814.0,97181178.0,96928820.0,96676610.0,96976328.85714285,96701757.5
2022-10-24,97229198.0,97189814.0,96967772.0,96699681.0,97014151.5,96742229.39285715
2022-10-25,97273000.0,97229198.0,97011435.0,96760525.0,97050756.85714285,96782085.35714285
2022-10-26,97344540.0,97273000.0,97072134.0,96825225.0,97087850.78571428,96821405.42857143
2022-10-27,97403880.0,97344540.0,97129565.0,96888844.0,97124639.07142857,96859825.64285715
2022-10-28,97434321.0,97403880.0,97175689.0,96915918.0,97161667.85714285,96898134.32142857
2022-10-29,97443447.0,97434321.0,97181178.0,96922004.0,97198913.78571428,96936481.57142857
2022-10-30,97446879.0,97443447.0,97189814.0,96928820.0,97235918.0,96974741.25
2022-10-31,97491846.0,97446879.0,97229198.0,96967772.0,97273351.85714285,97013125.21428572
2022-11-01,97540814.0,97491846.0,97273000.0,97011435.0,97311164.64285715,97051280.96428572
2022-11-02,97614852.0,97540814.0,97344540.0,97072134.0,97349930.21428572,97089531.71428572
2022-11-03,97685695.0,97614852.0,97403880.0,97129565.0,97389653.78571428,97128135.25
2022-11-04,97724406.0,97685695.0,97434321.0,97175689.0,97428847.85714285,97166037.96428572
2022-11-05,97729710.0,97724406.0,97443447.0,97181178.0,97468028.71428572,97203850.07142857
2022-11-06,97737841.0,97729710.0,97446879.0,97189814.0,97507173.5,97241751.17857143
2022-11-07,97778514.0,97737841.0,97491846.0,97229198.0,97546410.35714285,97280280.92857143
2022-11-08,97809969.0,97778514.0,97540814.0,97273000.0,97584765.28571428,97317761.07142857
2022-11-09,97907293.0,97809969.0,97614852.0,97344540.0,97624961.92857143,97356406.35714285
2022-11-10,97973635.0,97907293.0,97685695.0,97403880.0,97665658.71428572,97395148.89285715
2022-11-11,97986819.0,97973635.0,97724406.0,97434321.0,97705122.85714285,97433395.35714285
2022-11-12,97992088.0,97986819.0,97729710.0,97443447.0,97744311.5,97471612.64285715
2022-11-13,97994731.0,97992088.0,97737841.0,97446879.0,97783443.78571428,97509680.89285715
2022-11-14,98045142.0,97994731.0,97778514.0,97491846.0,97822964.92857143,97548158.39285715
2022-11-15,98105019.0,98045142.0,97809969.0,97540814.0,97863265.28571428,97587214.96428572
2022-11-16,98189764.0,98105019.0,97907293.0,97614852.0,97904330.42857143,97627130.32142857
2022-11-17,98243862.0,98189764.0,97973635.0,97685695.0,97944199.5,97666926.64285715
2022-11-18,98299460.0,98243862.0,97986819.0,97724406.0,97985274.78571428,97707061.32142857
2022-11-19,98304478.0,98299460.0,97992088.0,97729710.0,98026329.64285715,97747179.17857143
2022-11-20,98308425.0,98304478.0,97994731.0,97737841.0,98067085.64285715,97787129.57142857
2022-11-21,98352945.0,98308425.0,98045142.0,97778514.0,98108116.42857143,97827263.39285715
2022-11-22,98409266.0,98352945.0,98105019.0,97809969.0,98150923.35714285,97867844.32142857
2022-11-23,98522698.0,98409266.0,98189764.0,97907293.0,98194880.85714285,97909921.39285715
2022-11-24,98539023.0,98522698.0,98243862.0,97973635.0,98235265.71428572,97950462.21428572
2022-11-25,98561352.0,98539023.0,98299460.0,97986819.0,98276303.78571428,97990713.32142857
2022-11-26,98564651.0,98561352.0,98304478.0,97992088.0,98317201.14285715,98030756.32142857
2022-11-27,98570599.0,98564651.0,98308425.0,97994731.0,98358334.57142857,98070889.17857143
2022-11-28,98632925.0,98570599.0,98352945.0,98045142.0,98400319.07142857,98111642.0
2022-11-29,98700385.0,98632925.0,98409266.0,98105019.0,98442845.21428572,98153055.25
2022-11-30,98813400.0,98700385.0,98522698.0,98189764.0,98487390.64285715,98195860.53571428
2022-12-01,98904029.0,98813400.0,98539023.0,98243862.0,98534545.42857143,98239372.46428572
2022-12-02,98968415.0,98904029.0,98561352.0,98299460.0,98582327.92857143,98283801.35714285
2022-12-03,98975552.0,98968415.0,98564651.0,98304478.0,98630261.78571428,98328295.71428572
2022-12-04,98981119.0,98975552.0,98570599.0,98308425.0,98678311.35714285,98372698.5
2022-12-05,99038945.0,98981119.0,98632925.0,98352945.0,98727311.35714285,98417713.89285715
2022-12-06,99133959.0,99038945.0,98700385.0,98409266.0,98779075.14285715,98464999.25
2022-12-07,99279412.0,99133959.0,98813400.0,98522698.0,98833126.14285715,98514003.5
2022-12-08,99378688.0,99279412.0,98904029.0,98539023.0,98893102.21428572,98564183.96428572
2022-12-09,99415297.0,99378688.0,98968415.0,98561352.0,98954098.28571428,98615201.03571428
2022-12-10,99422565.0,99415297.0,98975552.0,98564651.0,99015377.85714285,98666289.5
2022-12-11,99428962.0,99422565.0,98981119.0,98570599.0,99076689.5,98717512.03571428
2022-12-12,99488642.0,99428962.0,99038945.0,98632925.0,99137812.14285715,98769065.60714285
2022-12-13,99582454.0,99488642.0,99133959.0,98700385.0,99200817.07142857,98821831.14285715
2022-12-14,99731156.0,99582454.0,99279412.0,98813400.0,99266371.07142857,98876880.85714285
2022-12-15,99843780.0,99731156.0,99378688.0,98904029.0,99333496.14285715,98934020.78571428
2022-12-16,99898835.0,99843780.0,99415297.0,98968415.0,99399954.71428572,98991141.32142857
2022-12-17,99905916.0,99898835.0,99422565.0,98975552.0,99466409.28571428,99048335.53571428
2022-12-18,99911987.0,99905916.0,99428962.0,98981119.0,99532899.85714285,99105605.60714285
2022-12-19,99972811.0,99911987.0,99488642.0,99038945.0,99599604.57142857,99163457.96428572
2022-12-20,100054789.0,99972811.0,99582454.0,99133959.0,99665378.14285715,99222226.64285715
2022-12-21,100236957.0,100054789.0,99731156.0,99279412.0,99733774.21428572,99283450.17857143
2022-12-22,100333145.0,100236957.0,99843780.0,99378688.0,99801949.71428572,99347525.96428572
2022-12-23,100372381.0,100333145.0,99898835.0,99415297.0,99870312.85714285,99412205.57142857
2022-12-24,100378903.0,100372381.0,99905916.0,99422565.0,99938622.71428572,99477000.28571428
2022-12-25,100382117.0,100378903.0,99911987.0,99428962.0,100006705.21428572,99541697.35714285
2022-12-26,100394549.0,100382117.0,99972811.0,99488642.0,100071412.85714285,99604612.5
2022-12-27,100505484.0,100394549.0,100054789.0,99582454.0,100137343.57142857,99669080.32142857
2022-12-28,100618828.0,100505484.0,100236957.0,99731156.0,100200748.71428572,99733559.89285715
2022-12-29,100722818.0,100618828.0,100333145.0,99843780.0,100263537.14285715,99798516.64285715
2022-12-30,100757296.0,100722818.0,100372381.0,99898835.0,100324855.78571428,99862405.25
2022-12-31,100765248.0,100757296.0,100378903.0,99905916.0,100386236.64285715,99926322.96428572
2023-01-01,100769543.0,100765248.0,100382117.0,99911987.0,100447490.64285715,99990195.25
2023-01-02,100777853.0,100769543.0,100394549.0,99972811.0,100504993.64285715,100052299.10714285
2023-01-03,100890152.0,100777853.0,100505484.0,100054789.0,100564662.42857143,100115020.28571428
2023-01-04,101088268.0,100890152.0,100618828.0,100236957.0,100625470.35714285,100179622.28571428
2023-01-05,101196118.0,101088268.0,100722818.0,100333145.0,100687111.28571428,100244530.5
2023-01-06,101261306.0,101196118.0,100757296.0,100372381.0,100750605.92857143,100310459.39285715
2023-01-07,101267161.0,101261306.0,100765248.0,100378903.0,100814052.92857143,100376337.82142857
2023-01-08,101272871.0,101267161.0,100769543.0,100382117.0,100877678.21428572,100442191.71428572
2023-01-09,101315882.0,101272871.0,100777853.0,100394549.0,100943487.71428572,100507450.28571428
2023-01-10,101399167.0,101315882.0,100890152.0,100505484.0,101007322.21428572,100572332.89285715
2023-01-11,101538785.0,101399167.0,101088268.0,100618828.0,101073033.42857143,100636891.07142857
2023-01-12,101603765.0,101538785.0,101196118.0,100722818.0,101135958.21428572,100699747.67857143
2023-01-13,101637080.0,101603765.0,101261306.0,100757296.0,101198799.92857143,100761827.85714285
2023-01-14,101642365.0,101637080.0,101267161.0,100765248.0,101261451.14285715,100823843.89285715
2023-01-15,101645683.0,101642365.0,101272871.0,100769543.0,101324032.57142857,100885761.60714285
2023-01-16,101653200.0,101645683.0,101315882.0,100777853.0,101386557.35714285,100945775.5
2023-01-17,101734455.0,101653200.0,101399167.0,100890152.0,101446864.71428572,101005763.57142857
2023-01-18,101863085.0,101734455.0,101538785.0,101088268.0,101502208.78571428,101063839.57142857
2023-01-19,101954273.0,101863085.0,101603765.0,101196118.0,101556362.71428572,101121737.0
2023-01-20,101991792.0,101954273.0,101637080.0,101261306.0,101608540.28571428,101179573.10714285
2023-01-21,101996920.0,101991792.0,101642365.0,101267161.0,101660665.92857143,101237359.42857143
2023-01-22,102000208.0,101996920.0,101645683.0,101272871.0,101712618.57142857,101295148.39285715
2023-01-23,102031261.0,102000208.0,101653200.0,101315882.0,101763717.07142857,101353602.39285715
2023-01-24,102086995.0,102031261.0,101734455.0,101399167.0,101812847.64285715,101410084.92857143
2023-01-25,102189303.0,102086995.0,101863085.0,101538785.0,101859313.21428572,101466173.32142857
2023-01-26,102253419.0,102189303.0,101954273.0,101603765.0,101905717.07142857,101520837.64285715
2023-01-27,102270340.0,102253419.0,101991792.0,101637080.0,101950949.92857143,101574874.92857143
2023-01-28,102274935.0,102270340.0,101996920.0,101642365.0,101996133.5,101628792.32142857
2023-01-29,102278427.0,102274935.0,102000208.0,101645683.0,102041329.5,101682681.03571428
2023-01-30,102307558.0,102278427.0,102031261.0,101653200.0,102088069.35714285,101737313.35714285
2023-01-31,102362900.0,102307558.0,102086995.0,101734455.0,102132958.28571428,101789911.5
2023-02-01,102479408.0,102362900.0,102189303.0,101863085.0,102176981.35714285,101839595.07142857
2023-02-02,102561083.0,102479408.0,102253419.0,101954273.0,102220324.92857143,101888343.82142857
2023-02-03,102599955.0,102561083.0,102270340.0,101991792.0,102263765.14285715,101936152.71428572
2023-02-04,102604151.0,102599955.0,102274935.0,101996920.0,102307138.78571428,101983902.35714285
2023-02-05,102607114.0,102604151.0,102278427.0,102000208.0,102350489.21428572,102031553.89285715
2023-02-06,102631614.0,102607114.0,102307558.0,102031261.0,102393371.57142857,102078544.32142857
2023-02-07,102677253.0,102631614.0,102362900.0,102086995.0,102435532.85714285,102124190.25
2023-02-08,102760926.0,102677253.0,102479408.0,102189303.0,102476363.07142857,102167838.14285715
2023-02-09,102842908.0,102760926.0,102561083.0,102253419.0,102518469.42857143,102212093.25
2023-02-10,102855101.0,102842908.0,102599955.0,102270340.0,102560238.07142857,102255594.0
2023-02-11,102859510.0,102855101.0,102604151.0,102274935.0,102601993.42857143,102299063.46428572
2023-02-12,102862879.0,102859510.0,102607114.0,102278427.0,102643740.0,102342534.75
2023-02-13,102886005.0,102862879.0,102631614.0,102307558.0,102685057.64285715,102386563.5
2023-02-14,102934224.0,102886005.0,102677253.0,102362900.0,102725866.5,102429412.39285715
2023-02-15,103023231.0,102934224.0,102760926.0,102479408.0,102764711.0,102470846.17857143
2023-02-16,103083910.0,103023231.0,102842908.0,102561083.0,102802055.78571428,102511190.35714285
2023-02-17,103131898.0,103083910.0,102855101.0,102599955.0,102840051.71428572,102551908.42857143
2023-02-18,103134605.0,103131898.0,102859510.0,102604151.0,102877941.28571428,102592540.03571428
2023-02-19,103136077.0,103134605.0,102862879.0,102607114.0,102915724.35714285,102633106.78571428
2023-02-20,103138119.0,103136077.0,102886005.0,102631614.0,102951903.28571428,102672637.42857143
2023-02-21,103198669.0,103138119.0,102934224.0,102677253.0,102989147.28571428,102712340.07142857
2023-02-22,103308832.0,103198669.0,103023231.0,102760926.0,103028283.42857143,102752323.25
2023-02-23,103365511.0,103308832.0,103083910.0,102842908.0,103065612.21428572,102792040.82142857
2023-02-24,103378408.0,103365511.0,103131898.0,102855101.0,103102991.28571428,102831614.67857143
2023-02-25,103381157.0,103378408.0,103134605.0,102859510.0,103140251.78571428,102871122.60714285
2023-02-26,103382763.0,103381157.0,103136077.0,102862879.0,103177386.35714285,102910563.17857143
2023-02-27,103399827.0,103382763.0,103138119.0,102886005.0,103214087.92857143,102949572.78571428
2023-02-28,103443455.0,103399827.0,103198669.0,102934224.0,103250461.57142857,102988164.03571428
2023-03-01,103533872.0,103443455.0,103308832.0,103023231.0,103286935.92857143,103025823.46428572
2023-03-02,103589757.0,103533872.0,103365511.0,103083910.0,103323067.85714285,103062561.82142857
2023-03-03,103648690.0,103589757.0,103378408.0,103131898.0,103359981.57142857,103100016.64285715
2023-03-04,103650837.0,103648690.0,103381157.0,103134605.0,103396855.28571428,103137398.28571428
2023-03-05,103646975.0,103650837.0,103382763.0,103136077.0,103433348.0,103174536.17857143
2023-03-06,103655539.0,103646975.0,103399827.0,103138119.0,103470306.57142857,103211104.92857143
2023-03-07,103690910.0,103655539.0,103443455.0,103198669.0,103505466.64285715,103247306.96428572
2023-03-08,103755771.0,103690910.0,103533872.0,103308832.0,103537390.85714285,103282837.14285715
2023-03-09,103802702.0,103755771.0,103589757.0,103365511.0,103568618.78571428,103317115.5
